Lead ID,Store Name,Lead Type,Lead Date,Pre-Booking Date,Booking Date,Delivery Date,Cancellation Status,Cancellation Reason,Service Follow-up Date,TAT Pre-Booking (Days),TAT Booking (Days),TAT Delivery (Days),Customer Rating
L1000,Bangalore MBC,Warm,21-10-2025,25-10-2025,29-10-2025,03-11-2025,No,Not Cancelled,28-11-2025,4,4,5,2
L1001,Delhi MBC,Warm,11-10-2025,14-10-2025,19-10-2025,26-10-2025,No,Not Cancelled,22-11-2025,3,5,7,8
L1002,Mumbai MBC,Cold,01-10-2025,,,,Yes,Other,,,,,
L1003,Bangalore MBC,Cold,28-10-2025,,,,Yes,Model Unavailable,,,,,
L1004,Delhi MBC,Warm,14-10-2025,18-10-2025,21-10-2025,24-10-2025,No,Not Cancelled,12-11-2025,4,3,3,8
L1005,Delhi MBC,Warm,27-10-2025,31-10-2025,04-11-2025,07-11-2025,No,Not Cancelled,22-11-2025,4,4,3,9
L1006,Mumbai MBC,Hot,16-10-2025,20-10-2025,21-10-2025,28-10-2025,No,Not Cancelled,22-11-2025,4,1,7,10
L1007,Chennai MBC,Warm,04-10-2025,05-10-2025,08-10-2025,15-10-2025,Yes,Changed Mind,,1,3,7,
L1008,Bangalore MBC,Hot,14-10-2025,17-10-2025,20-10-2025,25-10-2025,No,Not Cancelled,05-11-2025,3,3,5,8
L1009,Mumbai MBC,Warm,31-10-2025,04-11-2025,05-11-2025,10-11-2025,No,Not Cancelled,22-11-2025,4,1,5,6
L1010,Bangalore MBC,Cold,12-10-2025,,,,Yes,Other,,,,,
L1011,Delhi MBC,Warm,21-10-2025,24-10-2025,28-10-2025,30-10-2025,No,Not Cancelled,10-11-2025,3,4,2,0
L1012,Delhi MBC,Warm,29-10-2025,01-11-2025,06-11-2025,13-11-2025,No,Not Cancelled,30-11-2025,3,5,7,10
L1013,Chennai MBC,Warm,27-10-2025,30-10-2025,02-11-2025,08-11-2025,No,Not Cancelled,07-12-2025,3,3,6,2
L1014,Delhi MBC,Hot,15-10-2025,17-10-2025,18-10-2025,21-10-2025,Yes,Changed Mind,,2,1,3,
L1015,Delhi MBC,Warm,23-10-2025,27-10-2025,01-11-2025,06-11-2025,No,Not Cancelled,23-11-2025,4,5,5,8
L1016,Mumbai MBC,Hot,05-10-2025,06-10-2025,10-10-2025,16-10-2025,No,Not Cancelled,26-10-2025,1,4,6,2
L1017,Bangalore MBC,Hot,14-10-2025,15-10-2025,18-10-2025,23-10-2025,No,Not Cancelled,18-11-2025,1,3,5,0
L1018,Bangalore MBC,Warm,06-10-2025,07-10-2025,12-10-2025,17-10-2025,No,Not Cancelled,11-11-2025,1,5,5,5
L1019,Mumbai MBC,Warm,24-10-2025,25-10-2025,30-10-2025,01-11-2025,No,Not Cancelled,11-11-2025,1,5,2,4
L1020,Chennai MBC,Warm,17-10-2025,21-10-2025,23-10-2025,30-10-2025,No,Not Cancelled,19-11-2025,4,2,7,6
L1021,Bangalore MBC,Hot,31-10-2025,01-11-2025,02-11-2025,05-11-2025,No,Not Cancelled,04-12-2025,1,1,3,3
L1022,Delhi MBC,Warm,21-10-2025,24-10-2025,29-10-2025,01-11-2025,No,Not Cancelled,17-11-2025,3,5,3,8
L1023,Bangalore MBC,Warm,09-10-2025,11-10-2025,15-10-2025,19-10-2025,No,Not Cancelled,02-11-2025,2,4,4,3
L1024,Delhi MBC,Warm,20-10-2025,25-10-2025,27-10-2025,03-11-2025,No,Not Cancelled,23-11-2025,5,2,7,1
L1025,Chennai MBC,Warm,26-10-2025,27-10-2025,01-11-2025,03-11-2025,No,Not Cancelled,18-11-2025,1,5,2,4
L1026,Mumbai MBC,Warm,30-10-2025,04-11-2025,09-11-2025,15-11-2025,No,Not Cancelled,05-12-2025,5,5,6,1
L1027,Bangalore MBC,Warm,18-10-2025,23-10-2025,27-10-2025,29-10-2025,No,Not Cancelled,09-11-2025,5,4,2,3
L1028,Mumbai MBC,Warm,25-10-2025,30-10-2025,01-11-2025,07-11-2025,No,Not Cancelled,17-11-2025,5,2,6,3
L1029,Bangalore MBC,Cold,16-10-2025,,,,Yes,Changed Mind,,,,,
L1030,Delhi MBC,Warm,15-10-2025,18-10-2025,20-10-2025,23-10-2025,No,Not Cancelled,06-11-2025,3,2,3,3
L1031,Mumbai MBC,Warm,14-10-2025,15-10-2025,16-10-2025,20-10-2025,No,Not Cancelled,17-11-2025,1,1,4,5
L1032,Bangalore MBC,Warm,27-10-2025,31-10-2025,05-11-2025,09-11-2025,No,Not Cancelled,23-11-2025,4,5,4,3
L1033,Delhi MBC,Warm,24-10-2025,27-10-2025,28-10-2025,31-10-2025,No,Not Cancelled,13-11-2025,3,1,3,3
L1034,Mumbai MBC,Cold,19-10-2025,,,,Yes,Model Unavailable,,,,,
L1035,Mumbai MBC,Warm,09-10-2025,13-10-2025,15-10-2025,20-10-2025,No,Not Cancelled,15-11-2025,4,2,5,9
L1036,Bangalore MBC,Warm,11-10-2025,12-10-2025,13-10-2025,15-10-2025,Yes,Financing Issue,,1,1,2,
L1037,Bangalore MBC,Warm,28-10-2025,31-10-2025,04-11-2025,08-11-2025,No,Not Cancelled,29-11-2025,3,4,4,2
L1038,Bangalore MBC,Warm,08-10-2025,13-10-2025,16-10-2025,23-10-2025,No,Not Cancelled,04-11-2025,5,3,7,9
L1039,Delhi MBC,Warm,27-10-2025,30-10-2025,03-11-2025,08-11-2025,Yes,Other,,3,4,5,
L1040,Bangalore MBC,Cold,30-10-2025,,,,Yes,Model Unavailable,,,,,
L1041,Mumbai MBC,Warm,03-10-2025,06-10-2025,08-10-2025,14-10-2025,No,Not Cancelled,04-11-2025,3,2,6,6
L1042,Mumbai MBC,Warm,09-10-2025,10-10-2025,14-10-2025,21-10-2025,No,Not Cancelled,12-11-2025,1,4,7,7
L1043,Bangalore MBC,Cold,29-10-2025,,,,Yes,Changed Mind,,,,,
L1044,Bangalore MBC,Hot,15-10-2025,20-10-2025,22-10-2025,26-10-2025,No,Not Cancelled,23-11-2025,5,2,4,8
L1045,Chennai MBC,Hot,08-10-2025,13-10-2025,17-10-2025,23-10-2025,No,Not Cancelled,05-11-2025,5,4,6,3
L1046,Mumbai MBC,Warm,25-10-2025,27-10-2025,01-11-2025,06-11-2025,No,Not Cancelled,26-11-2025,2,5,5,5
L1047,Delhi MBC,Cold,15-10-2025,,,,Yes,Model Unavailable,,,,,
L1048,Chennai MBC,Hot,19-10-2025,21-10-2025,26-10-2025,01-11-2025,No,Not Cancelled,20-11-2025,2,5,6,0
L1049,Bangalore MBC,Hot,20-10-2025,24-10-2025,28-10-2025,02-11-2025,No,Not Cancelled,22-11-2025,4,4,5,6
L1050,Bangalore MBC,Hot,22-10-2025,24-10-2025,25-10-2025,31-10-2025,No,Not Cancelled,14-11-2025,2,1,6,6
L1051,Mumbai MBC,Hot,13-10-2025,14-10-2025,16-10-2025,18-10-2025,No,Not Cancelled,02-11-2025,1,2,2,6
L1052,Bangalore MBC,Hot,11-10-2025,14-10-2025,19-10-2025,23-10-2025,No,Not Cancelled,15-11-2025,3,5,4,4
L1053,Delhi MBC,Warm,01-10-2025,06-10-2025,08-10-2025,12-10-2025,No,Not Cancelled,11-11-2025,5,2,4,4
L1054,Mumbai MBC,Warm,16-10-2025,19-10-2025,24-10-2025,29-10-2025,No,Not Cancelled,23-11-2025,3,5,5,8
L1055,Bangalore MBC,Hot,28-10-2025,29-10-2025,01-11-2025,07-11-2025,No,Not Cancelled,07-12-2025,1,3,6,3
L1056,Mumbai MBC,Warm,11-10-2025,14-10-2025,18-10-2025,21-10-2025,No,Not Cancelled,10-11-2025,3,4,3,6
L1057,Bangalore MBC,Hot,06-10-2025,11-10-2025,16-10-2025,23-10-2025,No,Not Cancelled,07-11-2025,5,5,7,1
L1058,Bangalore MBC,Warm,16-10-2025,18-10-2025,22-10-2025,29-10-2025,Yes,Financing Issue,,2,4,7,
L1059,Bangalore MBC,Warm,07-10-2025,11-10-2025,14-10-2025,18-10-2025,No,Not Cancelled,14-11-2025,4,3,4,2
L1060,Delhi MBC,Warm,12-10-2025,17-10-2025,19-10-2025,25-10-2025,No,Not Cancelled,23-11-2025,5,2,6,7
L1061,Delhi MBC,Hot,26-10-2025,31-10-2025,04-11-2025,10-11-2025,No,Not Cancelled,01-12-2025,5,4,6,9
L1062,Mumbai MBC,Warm,09-10-2025,14-10-2025,19-10-2025,21-10-2025,No,Not Cancelled,07-11-2025,5,5,2,3
L1063,Bangalore MBC,Hot,11-10-2025,16-10-2025,19-10-2025,26-10-2025,No,Not Cancelled,23-11-2025,5,3,7,3
L1064,Bangalore MBC,Cold,09-10-2025,,,,Yes,Other,,,,,
L1065,Delhi MBC,Warm,29-10-2025,30-10-2025,04-11-2025,07-11-2025,No,Not Cancelled,22-11-2025,1,5,3,10
L1066,Bangalore MBC,Warm,20-10-2025,25-10-2025,28-10-2025,01-11-2025,No,Not Cancelled,23-11-2025,5,3,4,4
L1067,Delhi MBC,Hot,23-10-2025,26-10-2025,29-10-2025,31-10-2025,No,Not Cancelled,19-11-2025,3,3,2,5
L1068,Bangalore MBC,Cold,29-10-2025,,,,Yes,Financing Issue,,,,,
L1069,Mumbai MBC,Hot,09-10-2025,10-10-2025,15-10-2025,18-10-2025,No,Not Cancelled,06-11-2025,1,5,3,1
L1070,Bangalore MBC,Hot,18-10-2025,20-10-2025,24-10-2025,28-10-2025,No,Not Cancelled,11-11-2025,2,4,4,10
L1071,Bangalore MBC,Warm,01-10-2025,04-10-2025,06-10-2025,08-10-2025,No,Not Cancelled,23-10-2025,3,2,2,7
L1072,Chennai MBC,Hot,17-10-2025,20-10-2025,22-10-2025,25-10-2025,No,Not Cancelled,04-11-2025,3,2,3,6
L1073,Delhi MBC,Cold,31-10-2025,,,,Yes,Price,,,,,
L1074,Bangalore MBC,Warm,07-10-2025,10-10-2025,13-10-2025,17-10-2025,No,Not Cancelled,14-11-2025,3,3,4,0
L1075,Bangalore MBC,Hot,03-10-2025,06-10-2025,11-10-2025,18-10-2025,No,Not Cancelled,09-11-2025,3,5,7,1
L1076,Chennai MBC,Warm,08-10-2025,09-10-2025,12-10-2025,15-10-2025,No,Not Cancelled,12-11-2025,1,3,3,8
L1077,Chennai MBC,Cold,24-10-2025,,,,Yes,Other,,,,,
L1078,Delhi MBC,Cold,14-10-2025,,,,Yes,Financing Issue,,,,,
L1079,Chennai MBC,Warm,16-10-2025,18-10-2025,20-10-2025,26-10-2025,Yes,Changed Mind,,2,2,6,
L1080,Mumbai MBC,Cold,18-10-2025,,,,Yes,Other,,,,,
L1081,Chennai MBC,Cold,25-10-2025,,,,Yes,Other,,,,,
L1082,Mumbai MBC,Warm,08-10-2025,10-10-2025,13-10-2025,18-10-2025,No,Not Cancelled,29-10-2025,2,3,5,5
L1083,Delhi MBC,Hot,23-10-2025,28-10-2025,31-10-2025,05-11-2025,No,Not Cancelled,20-11-2025,5,3,5,5
L1084,Delhi MBC,Warm,16-10-2025,20-10-2025,22-10-2025,28-10-2025,No,Not Cancelled,26-11-2025,4,2,6,4
L1085,Delhi MBC,Cold,21-10-2025,,,,Yes,Model Unavailable,,,,,
L1086,Delhi MBC,Hot,23-10-2025,24-10-2025,28-10-2025,31-10-2025,No,Not Cancelled,20-11-2025,1,4,3,7
L1087,Delhi MBC,Cold,16-10-2025,,,,Yes,Changed Mind,,,,,
L1088,Mumbai MBC,Hot,15-10-2025,17-10-2025,20-10-2025,26-10-2025,No,Not Cancelled,24-11-2025,2,3,6,5
L1089,Mumbai MBC,Hot,26-10-2025,27-10-2025,31-10-2025,05-11-2025,No,Not Cancelled,22-11-2025,1,4,5,8
L1090,Delhi MBC,Warm,01-10-2025,02-10-2025,05-10-2025,10-10-2025,No,Not Cancelled,09-11-2025,1,3,5,0
L1091,Chennai MBC,Hot,03-10-2025,08-10-2025,13-10-2025,16-10-2025,No,Not Cancelled,13-11-2025,5,5,3,9
L1092,Bangalore MBC,Cold,10-10-2025,,,,Yes,Price,,,,,
L1093,Delhi MBC,Cold,08-10-2025,,,,Yes,Financing Issue,,,,,
L1094,Chennai MBC,Cold,13-10-2025,,,,Yes,Model Unavailable,,,,,
L1095,Bangalore MBC,Warm,23-10-2025,25-10-2025,28-10-2025,02-11-2025,No,Not Cancelled,15-11-2025,2,3,5,9
L1096,Delhi MBC,Hot,08-10-2025,12-10-2025,15-10-2025,22-10-2025,Yes,Financing Issue,,4,3,7,
L1097,Delhi MBC,Warm,10-10-2025,14-10-2025,15-10-2025,21-10-2025,No,Not Cancelled,15-11-2025,4,1,6,6
L1098,Mumbai MBC,Warm,22-10-2025,26-10-2025,31-10-2025,07-11-2025,No,Not Cancelled,21-11-2025,4,5,7,0
L1099,Bangalore MBC,Warm,19-10-2025,22-10-2025,27-10-2025,03-11-2025,No,Not Cancelled,23-11-2025,3,5,7,10
L1100,Bangalore MBC,Hot,12-10-2025,14-10-2025,18-10-2025,21-10-2025,No,Not Cancelled,02-11-2025,2,4,3,1
L1101,Chennai MBC,Warm,16-10-2025,19-10-2025,23-10-2025,29-10-2025,No,Not Cancelled,15-11-2025,3,4,6,1
L1102,Mumbai MBC,Warm,18-10-2025,21-10-2025,24-10-2025,27-10-2025,No,Not Cancelled,17-11-2025,3,3,3,0
L1103,Mumbai MBC,Cold,17-10-2025,,,,Yes,Price,,,,,
L1104,Mumbai MBC,Cold,12-10-2025,,,,Yes,Price,,,,,
L1105,Mumbai MBC,Warm,14-10-2025,17-10-2025,19-10-2025,24-10-2025,No,Not Cancelled,13-11-2025,3,2,5,2
L1106,Bangalore MBC,Warm,24-10-2025,29-10-2025,01-11-2025,05-11-2025,Yes,Other,,5,3,4,
L1107,Bangalore MBC,Warm,18-10-2025,23-10-2025,24-10-2025,27-10-2025,No,Not Cancelled,11-11-2025,5,1,3,10
L1108,Delhi MBC,Hot,11-10-2025,12-10-2025,15-10-2025,18-10-2025,No,Not Cancelled,17-11-2025,1,3,3,4
L1109,Delhi MBC,Cold,12-10-2025,,,,Yes,Price,,,,,
L1110,Mumbai MBC,Cold,23-10-2025,,,,Yes,Financing Issue,,,,,
L1111,Mumbai MBC,Warm,15-10-2025,16-10-2025,17-10-2025,21-10-2025,No,Not Cancelled,02-11-2025,1,1,4,2
L1112,Mumbai MBC,Warm,09-10-2025,11-10-2025,14-10-2025,19-10-2025,Yes,Changed Mind,,2,3,5,
L1113,Delhi MBC,Hot,10-10-2025,12-10-2025,16-10-2025,22-10-2025,No,Not Cancelled,21-11-2025,2,4,6,6
L1114,Chennai MBC,Warm,09-10-2025,14-10-2025,17-10-2025,19-10-2025,No,Not Cancelled,08-11-2025,5,3,2,10
L1115,Chennai MBC,Hot,08-10-2025,09-10-2025,13-10-2025,17-10-2025,No,Not Cancelled,10-11-2025,1,4,4,8
L1116,Delhi MBC,Cold,04-10-2025,,,,Yes,Changed Mind,,,,,
L1117,Delhi MBC,Hot,24-10-2025,25-10-2025,27-10-2025,29-10-2025,No,Not Cancelled,08-11-2025,1,2,2,1
L1118,Delhi MBC,Warm,07-10-2025,10-10-2025,12-10-2025,17-10-2025,No,Not Cancelled,04-11-2025,3,2,5,5
L1119,Delhi MBC,Cold,11-10-2025,,,,Yes,Other,,,,,
L1120,Delhi MBC,Warm,04-10-2025,08-10-2025,13-10-2025,16-10-2025,No,Not Cancelled,01-11-2025,4,5,3,1
L1121,Delhi MBC,Hot,24-10-2025,28-10-2025,31-10-2025,03-11-2025,No,Not Cancelled,20-11-2025,4,3,3,2
L1122,Mumbai MBC,Hot,18-10-2025,22-10-2025,27-10-2025,01-11-2025,No,Not Cancelled,13-11-2025,4,5,5,6
L1123,Mumbai MBC,Hot,31-10-2025,05-11-2025,08-11-2025,14-11-2025,No,Not Cancelled,05-12-2025,5,3,6,5
L1124,Mumbai MBC,Warm,25-10-2025,29-10-2025,31-10-2025,06-11-2025,No,Not Cancelled,24-11-2025,4,2,6,4
L1125,Mumbai MBC,Hot,23-10-2025,27-10-2025,28-10-2025,04-11-2025,No,Not Cancelled,17-11-2025,4,1,7,0
L1126,Delhi MBC,Warm,06-10-2025,09-10-2025,14-10-2025,19-10-2025,No,Not Cancelled,29-10-2025,3,5,5,4
L1127,Chennai MBC,Cold,07-10-2025,,,,Yes,Financing Issue,,,,,
L1128,Bangalore MBC,Hot,07-10-2025,09-10-2025,14-10-2025,19-10-2025,No,Not Cancelled,30-10-2025,2,5,5,4
L1129,Delhi MBC,Cold,24-10-2025,,,,Yes,Financing Issue,,,,,
L1130,Bangalore MBC,Cold,16-10-2025,,,,Yes,Price,,,,,
L1131,Chennai MBC,Hot,09-10-2025,14-10-2025,16-10-2025,23-10-2025,No,Not Cancelled,14-11-2025,5,2,7,4
L1132,Mumbai MBC,Cold,24-10-2025,,,,Yes,Financing Issue,,,,,
L1133,Chennai MBC,Warm,19-10-2025,20-10-2025,22-10-2025,27-10-2025,No,Not Cancelled,20-11-2025,1,2,5,2
L1134,Delhi MBC,Cold,25-10-2025,,,,Yes,Model Unavailable,,,,,
L1135,Mumbai MBC,Warm,17-10-2025,20-10-2025,21-10-2025,26-10-2025,No,Not Cancelled,18-11-2025,3,1,5,3
L1136,Delhi MBC,Warm,20-10-2025,24-10-2025,29-10-2025,05-11-2025,No,Not Cancelled,20-11-2025,4,5,7,0
L1137,Mumbai MBC,Warm,10-10-2025,11-10-2025,13-10-2025,18-10-2025,Yes,Price,,1,2,5,
L1138,Bangalore MBC,Cold,04-10-2025,,,,Yes,Model Unavailable,,,,,
L1139,Bangalore MBC,Warm,27-10-2025,30-10-2025,01-11-2025,06-11-2025,No,Not Cancelled,29-11-2025,3,2,5,5
L1140,Bangalore MBC,Warm,07-10-2025,12-10-2025,13-10-2025,16-10-2025,No,Not Cancelled,10-11-2025,5,1,3,0
L1141,Chennai MBC,Cold,10-10-2025,,,,Yes,Other,,,,,
L1142,Delhi MBC,Hot,08-10-2025,12-10-2025,13-10-2025,15-10-2025,No,Not Cancelled,06-11-2025,4,1,2,4
L1143,Chennai MBC,Hot,12-10-2025,17-10-2025,21-10-2025,27-10-2025,No,Not Cancelled,17-11-2025,5,4,6,1
L1144,Bangalore MBC,Hot,06-10-2025,09-10-2025,12-10-2025,14-10-2025,No,Not Cancelled,10-11-2025,3,3,2,6
L1145,Delhi MBC,Warm,10-10-2025,11-10-2025,15-10-2025,18-10-2025,No,Not Cancelled,09-11-2025,1,4,3,1
L1146,Bangalore MBC,Hot,01-10-2025,03-10-2025,04-10-2025,08-10-2025,No,Not Cancelled,21-10-2025,2,1,4,6
L1147,Chennai MBC,Cold,23-10-2025,,,,Yes,Changed Mind,,,,,
L1148,Chennai MBC,Hot,18-10-2025,22-10-2025,24-10-2025,26-10-2025,No,Not Cancelled,20-11-2025,4,2,2,5
L1149,Chennai MBC,Warm,05-10-2025,10-10-2025,11-10-2025,15-10-2025,No,Not Cancelled,12-11-2025,5,1,4,4
L1150,Bangalore MBC,Hot,09-10-2025,10-10-2025,15-10-2025,18-10-2025,No,Not Cancelled,17-11-2025,1,5,3,2
L1151,Delhi MBC,Cold,02-10-2025,,,,Yes,Other,,,,,
L1152,Delhi MBC,Cold,02-10-2025,,,,Yes,Changed Mind,,,,,
L1153,Bangalore MBC,Warm,18-10-2025,19-10-2025,21-10-2025,27-10-2025,No,Not Cancelled,13-11-2025,1,2,6,7
L1154,Delhi MBC,Cold,10-10-2025,,,,Yes,Other,,,,,
L1155,Bangalore MBC,Hot,23-10-2025,25-10-2025,29-10-2025,02-11-2025,No,Not Cancelled,17-11-2025,2,4,4,4
L1156,Delhi MBC,Cold,31-10-2025,,,,Yes,Financing Issue,,,,,
L1157,Mumbai MBC,Hot,05-10-2025,08-10-2025,12-10-2025,15-10-2025,No,Not Cancelled,08-11-2025,3,4,3,8
L1158,Mumbai MBC,Cold,21-10-2025,,,,Yes,Model Unavailable,,,,,
L1159,Chennai MBC,Hot,28-10-2025,30-10-2025,03-11-2025,08-11-2025,No,Not Cancelled,20-11-2025,2,4,5,5
L1160,Mumbai MBC,Warm,25-10-2025,27-10-2025,29-10-2025,04-11-2025,No,Not Cancelled,15-11-2025,2,2,6,3
L1161,Mumbai MBC,Warm,16-10-2025,19-10-2025,22-10-2025,29-10-2025,No,Not Cancelled,17-11-2025,3,3,7,2
L1162,Mumbai MBC,Hot,04-10-2025,07-10-2025,10-10-2025,15-10-2025,No,Not Cancelled,25-10-2025,3,3,5,7
L1163,Bangalore MBC,Hot,28-10-2025,31-10-2025,03-11-2025,09-11-2025,No,Not Cancelled,29-11-2025,3,3,6,5
L1164,Mumbai MBC,Hot,01-10-2025,02-10-2025,03-10-2025,09-10-2025,No,Not Cancelled,27-10-2025,1,1,6,6
L1165,Mumbai MBC,Warm,19-10-2025,20-10-2025,21-10-2025,23-10-2025,No,Not Cancelled,05-11-2025,1,1,2,2
L1166,Chennai MBC,Warm,10-10-2025,14-10-2025,19-10-2025,25-10-2025,Yes,Changed Mind,,4,5,6,
L1167,Mumbai MBC,Hot,16-10-2025,20-10-2025,22-10-2025,24-10-2025,Yes,Price,,4,2,2,
L1168,Mumbai MBC,Warm,16-10-2025,18-10-2025,23-10-2025,27-10-2025,No,Not Cancelled,08-11-2025,2,5,4,5
L1169,Delhi MBC,Hot,15-10-2025,17-10-2025,18-10-2025,24-10-2025,No,Not Cancelled,13-11-2025,2,1,6,2
L1170,Chennai MBC,Cold,11-10-2025,,,,Yes,Model Unavailable,,,,,
L1171,Chennai MBC,Hot,06-10-2025,10-10-2025,12-10-2025,16-10-2025,No,Not Cancelled,31-10-2025,4,2,4,1
L1172,Chennai MBC,Hot,31-10-2025,05-11-2025,09-11-2025,15-11-2025,No,Not Cancelled,07-12-2025,5,4,6,8
L1173,Chennai MBC,Hot,02-10-2025,04-10-2025,06-10-2025,08-10-2025,No,Not Cancelled,23-10-2025,2,2,2,6
L1174,Chennai MBC,Warm,09-10-2025,14-10-2025,15-10-2025,22-10-2025,No,Not Cancelled,03-11-2025,5,1,7,6
L1175,Chennai MBC,Cold,31-10-2025,,,,Yes,Price,,,,,
L1176,Bangalore MBC,Warm,28-10-2025,02-11-2025,06-11-2025,11-11-2025,No,Not Cancelled,08-12-2025,5,4,5,3
L1177,Mumbai MBC,Hot,16-10-2025,19-10-2025,23-10-2025,29-10-2025,No,Not Cancelled,10-11-2025,3,4,6,5
L1178,Chennai MBC,Warm,04-10-2025,05-10-2025,07-10-2025,10-10-2025,No,Not Cancelled,30-10-2025,1,2,3,9
L1179,Mumbai MBC,Warm,27-10-2025,31-10-2025,03-11-2025,08-11-2025,No,Not Cancelled,07-12-2025,4,3,5,4
L1180,Mumbai MBC,Hot,03-10-2025,04-10-2025,05-10-2025,07-10-2025,No,Not Cancelled,05-11-2025,1,1,2,1
L1181,Bangalore MBC,Warm,13-10-2025,17-10-2025,18-10-2025,25-10-2025,No,Not Cancelled,19-11-2025,4,1,7,4
L1182,Chennai MBC,Cold,16-10-2025,,,,Yes,Model Unavailable,,,,,
L1183,Delhi MBC,Hot,03-10-2025,04-10-2025,07-10-2025,14-10-2025,No,Not Cancelled,24-10-2025,1,3,7,6
L1184,Bangalore MBC,Warm,19-10-2025,23-10-2025,28-10-2025,31-10-2025,No,Not Cancelled,23-11-2025,4,5,3,3
L1185,Delhi MBC,Warm,21-10-2025,22-10-2025,27-10-2025,31-10-2025,No,Not Cancelled,30-11-2025,1,5,4,2
L1186,Mumbai MBC,Warm,22-10-2025,25-10-2025,26-10-2025,28-10-2025,No,Not Cancelled,12-11-2025,3,1,2,3
L1187,Mumbai MBC,Hot,02-10-2025,07-10-2025,10-10-2025,15-10-2025,No,Not Cancelled,13-11-2025,5,3,5,7
L1188,Bangalore MBC,Hot,05-10-2025,09-10-2025,12-10-2025,16-10-2025,No,Not Cancelled,08-11-2025,4,3,4,9
L1189,Bangalore MBC,Cold,05-10-2025,,,,Yes,Model Unavailable,,,,,
L1190,Delhi MBC,Cold,26-10-2025,,,,Yes,Other,,,,,
L1191,Chennai MBC,Warm,19-10-2025,24-10-2025,28-10-2025,01-11-2025,No,Not Cancelled,16-11-2025,5,4,4,10
L1192,Delhi MBC,Warm,31-10-2025,04-11-2025,09-11-2025,11-11-2025,Yes,Changed Mind,,4,5,2,
L1193,Bangalore MBC,Warm,10-10-2025,14-10-2025,19-10-2025,24-10-2025,No,Not Cancelled,04-11-2025,4,5,5,5
L1194,Delhi MBC,Warm,03-10-2025,06-10-2025,10-10-2025,12-10-2025,No,Not Cancelled,25-10-2025,3,4,2,3
L1195,Bangalore MBC,Warm,08-10-2025,09-10-2025,11-10-2025,14-10-2025,No,Not Cancelled,03-11-2025,1,2,3,9
L1196,Delhi MBC,Hot,04-10-2025,08-10-2025,13-10-2025,16-10-2025,No,Not Cancelled,01-11-2025,4,5,3,10
L1197,Bangalore MBC,Cold,18-10-2025,,,,Yes,Changed Mind,,,,,
L1198,Bangalore MBC,Warm,25-10-2025,26-10-2025,30-10-2025,06-11-2025,No,Not Cancelled,22-11-2025,1,4,7,8
L1199,Bangalore MBC,Cold,14-10-2025,,,,Yes,Model Unavailable,,,,,
L1200,Chennai MBC,Hot,20-10-2025,23-10-2025,26-10-2025,01-11-2025,No,Not Cancelled,24-11-2025,3,3,6,6
L1201,Delhi MBC,Hot,20-10-2025,22-10-2025,24-10-2025,31-10-2025,No,Not Cancelled,27-11-2025,2,2,7,2
L1202,Delhi MBC,Hot,26-10-2025,31-10-2025,01-11-2025,05-11-2025,No,Not Cancelled,02-12-2025,5,1,4,2
L1203,Delhi MBC,Warm,20-10-2025,24-10-2025,27-10-2025,03-11-2025,No,Not Cancelled,21-11-2025,4,3,7,9
L1204,Bangalore MBC,Cold,08-10-2025,,,,Yes,Financing Issue,,,,,
L1205,Delhi MBC,Hot,25-10-2025,28-10-2025,30-10-2025,05-11-2025,No,Not Cancelled,24-11-2025,3,2,6,2
L1206,Delhi MBC,Cold,17-10-2025,,,,Yes,Financing Issue,,,,,
L1207,Bangalore MBC,Warm,13-10-2025,14-10-2025,18-10-2025,25-10-2025,No,Not Cancelled,13-11-2025,1,4,7,7
L1208,Mumbai MBC,Cold,15-10-2025,,,,Yes,Price,,,,,
L1209,Bangalore MBC,Hot,30-10-2025,03-11-2025,06-11-2025,11-11-2025,No,Not Cancelled,28-11-2025,4,3,5,9
L1210,Delhi MBC,Cold,15-10-2025,,,,Yes,Price,,,,,
L1211,Bangalore MBC,Warm,10-10-2025,11-10-2025,13-10-2025,16-10-2025,Yes,Other,,1,2,3,
L1212,Mumbai MBC,Hot,28-10-2025,30-10-2025,31-10-2025,06-11-2025,No,Not Cancelled,19-11-2025,2,1,6,4
L1213,Bangalore MBC,Hot,19-10-2025,23-10-2025,26-10-2025,29-10-2025,No,Not Cancelled,09-11-2025,4,3,3,2
L1214,Delhi MBC,Cold,14-10-2025,,,,Yes,Model Unavailable,,,,,
L1215,Mumbai MBC,Cold,10-10-2025,,,,Yes,Price,,,,,
L1216,Chennai MBC,Hot,19-10-2025,24-10-2025,27-10-2025,30-10-2025,No,Not Cancelled,21-11-2025,5,3,3,0
L1217,Delhi MBC,Warm,20-10-2025,24-10-2025,29-10-2025,01-11-2025,Yes,Price,,4,5,3,
L1218,Mumbai MBC,Cold,02-10-2025,,,,Yes,Model Unavailable,,,,,
L1219,Mumbai MBC,Cold,20-10-2025,,,,Yes,Other,,,,,
L1220,Chennai MBC,Cold,31-10-2025,,,,Yes,Price,,,,,
L1221,Bangalore MBC,Warm,24-10-2025,29-10-2025,31-10-2025,02-11-2025,No,Not Cancelled,30-11-2025,5,2,2,3
L1222,Bangalore MBC,Warm,04-10-2025,05-10-2025,07-10-2025,13-10-2025,No,Not Cancelled,09-11-2025,1,2,6,1
L1223,Delhi MBC,Warm,31-10-2025,04-11-2025,09-11-2025,13-11-2025,No,Not Cancelled,08-12-2025,4,5,4,7
L1224,Chennai MBC,Warm,25-10-2025,28-10-2025,01-11-2025,07-11-2025,No,Not Cancelled,21-11-2025,3,4,6,3
L1225,Bangalore MBC,Warm,07-10-2025,10-10-2025,14-10-2025,18-10-2025,Yes,Other,,3,4,4,
L1226,Chennai MBC,Warm,21-10-2025,23-10-2025,28-10-2025,03-11-2025,Yes,Changed Mind,,2,5,6,
L1227,Bangalore MBC,Hot,07-10-2025,10-10-2025,13-10-2025,19-10-2025,No,Not Cancelled,30-10-2025,3,3,6,4
L1228,Mumbai MBC,Cold,09-10-2025,,,,Yes,Other,,,,,
L1229,Bangalore MBC,Warm,22-10-2025,24-10-2025,25-10-2025,28-10-2025,No,Not Cancelled,18-11-2025,2,1,3,2
L1230,Chennai MBC,Warm,03-10-2025,04-10-2025,08-10-2025,12-10-2025,No,Not Cancelled,22-10-2025,1,4,4,2
L1231,Mumbai MBC,Warm,06-10-2025,11-10-2025,12-10-2025,19-10-2025,No,Not Cancelled,11-11-2025,5,1,7,8
L1232,Mumbai MBC,Warm,08-10-2025,09-10-2025,11-10-2025,15-10-2025,Yes,Financing Issue,,1,2,4,
L1233,Mumbai MBC,Hot,06-10-2025,11-10-2025,13-10-2025,17-10-2025,No,Not Cancelled,29-10-2025,5,2,4,9
L1234,Chennai MBC,Hot,18-10-2025,23-10-2025,27-10-2025,02-11-2025,No,Not Cancelled,21-11-2025,5,4,6,4
L1235,Delhi MBC,Hot,03-10-2025,05-10-2025,08-10-2025,12-10-2025,No,Not Cancelled,11-11-2025,2,3,4,7
L1236,Delhi MBC,Hot,06-10-2025,09-10-2025,11-10-2025,17-10-2025,No,Not Cancelled,15-11-2025,3,2,6,7
L1237,Delhi MBC,Warm,01-10-2025,04-10-2025,05-10-2025,12-10-2025,No,Not Cancelled,06-11-2025,3,1,7,0
L1238,Chennai MBC,Warm,14-10-2025,16-10-2025,19-10-2025,21-10-2025,No,Not Cancelled,06-11-2025,2,3,2,1
L1239,Mumbai MBC,Hot,15-10-2025,17-10-2025,21-10-2025,24-10-2025,Yes,Financing Issue,,2,4,3,
L1240,Delhi MBC,Warm,23-10-2025,24-10-2025,26-10-2025,31-10-2025,No,Not Cancelled,13-11-2025,1,2,5,9
L1241,Chennai MBC,Hot,20-10-2025,22-10-2025,26-10-2025,28-10-2025,No,Not Cancelled,07-11-2025,2,4,2,1
L1242,Delhi MBC,Cold,16-10-2025,,,,Yes,Other,,,,,
L1243,Bangalore MBC,Cold,10-10-2025,,,,Yes,Financing Issue,,,,,
L1244,Delhi MBC,Hot,02-10-2025,05-10-2025,08-10-2025,12-10-2025,No,Not Cancelled,28-10-2025,3,3,4,6
L1245,Delhi MBC,Warm,08-10-2025,10-10-2025,13-10-2025,20-10-2025,Yes,Changed Mind,,2,3,7,
L1246,Mumbai MBC,Hot,10-10-2025,12-10-2025,15-10-2025,18-10-2025,No,Not Cancelled,02-11-2025,2,3,3,6
L1247,Chennai MBC,Warm,23-10-2025,28-10-2025,02-11-2025,09-11-2025,No,Not Cancelled,09-12-2025,5,5,7,4
L1248,Mumbai MBC,Warm,10-10-2025,12-10-2025,17-10-2025,20-10-2025,No,Not Cancelled,08-11-2025,2,5,3,7
L1249,Mumbai MBC,Hot,23-10-2025,24-10-2025,25-10-2025,28-10-2025,No,Not Cancelled,09-11-2025,1,1,3,3
L1250,Mumbai MBC,Warm,28-10-2025,30-10-2025,02-11-2025,05-11-2025,No,Not Cancelled,30-11-2025,2,3,3,2
L1251,Mumbai MBC,Hot,15-10-2025,19-10-2025,22-10-2025,29-10-2025,No,Not Cancelled,11-11-2025,4,3,7,6
L1252,Mumbai MBC,Hot,03-10-2025,07-10-2025,09-10-2025,13-10-2025,No,Not Cancelled,01-11-2025,4,2,4,10
L1253,Delhi MBC,Warm,22-10-2025,27-10-2025,28-10-2025,31-10-2025,No,Not Cancelled,22-11-2025,5,1,3,4
L1254,Mumbai MBC,Warm,08-10-2025,13-10-2025,14-10-2025,21-10-2025,No,Not Cancelled,15-11-2025,5,1,7,5
L1255,Mumbai MBC,Warm,30-10-2025,03-11-2025,07-11-2025,12-11-2025,Yes,Model Unavailable,,4,4,5,
L1256,Chennai MBC,Warm,09-10-2025,14-10-2025,17-10-2025,22-10-2025,No,Not Cancelled,16-11-2025,5,3,5,3
L1257,Bangalore MBC,Cold,26-10-2025,,,,Yes,Financing Issue,,,,,
L1258,Delhi MBC,Hot,26-10-2025,31-10-2025,02-11-2025,05-11-2025,Yes,Financing Issue,,5,2,3,
L1259,Delhi MBC,Warm,21-10-2025,24-10-2025,28-10-2025,03-11-2025,No,Not Cancelled,21-11-2025,3,4,6,4
L1260,Delhi MBC,Warm,19-10-2025,22-10-2025,27-10-2025,03-11-2025,No,Not Cancelled,15-11-2025,3,5,7,2
L1261,Mumbai MBC,Warm,22-10-2025,24-10-2025,27-10-2025,31-10-2025,No,Not Cancelled,30-11-2025,2,3,4,9
L1262,Mumbai MBC,Cold,26-10-2025,,,,Yes,Other,,,,,
L1263,Mumbai MBC,Warm,30-10-2025,03-11-2025,04-11-2025,11-11-2025,No,Not Cancelled,08-12-2025,4,1,7,5
L1264,Chennai MBC,Warm,07-10-2025,08-10-2025,11-10-2025,16-10-2025,No,Not Cancelled,07-11-2025,1,3,5,7
L1265,Bangalore MBC,Warm,14-10-2025,18-10-2025,21-10-2025,26-10-2025,No,Not Cancelled,10-11-2025,4,3,5,5
L1266,Mumbai MBC,Cold,04-10-2025,,,,Yes,Changed Mind,,,,,
L1267,Bangalore MBC,Cold,18-10-2025,,,,Yes,Model Unavailable,,,,,
L1268,Chennai MBC,Warm,08-10-2025,12-10-2025,17-10-2025,22-10-2025,No,Not Cancelled,12-11-2025,4,5,5,6
L1269,Delhi MBC,Warm,21-10-2025,24-10-2025,26-10-2025,28-10-2025,No,Not Cancelled,19-11-2025,3,2,2,1
L1270,Mumbai MBC,Hot,05-10-2025,08-10-2025,10-10-2025,17-10-2025,No,Not Cancelled,07-11-2025,3,2,7,5
L1271,Bangalore MBC,Hot,30-10-2025,04-11-2025,06-11-2025,08-11-2025,No,Not Cancelled,23-11-2025,5,2,2,6
L1272,Bangalore MBC,Warm,09-10-2025,10-10-2025,14-10-2025,19-10-2025,No,Not Cancelled,12-11-2025,1,4,5,9
L1273,Mumbai MBC,Hot,27-10-2025,30-10-2025,01-11-2025,07-11-2025,No,Not Cancelled,18-11-2025,3,2,6,2
L1274,Delhi MBC,Warm,05-10-2025,10-10-2025,14-10-2025,21-10-2025,No,Not Cancelled,08-11-2025,5,4,7,3
L1275,Delhi MBC,Hot,03-10-2025,04-10-2025,09-10-2025,13-10-2025,No,Not Cancelled,06-11-2025,1,5,4,10
L1276,Delhi MBC,Warm,02-10-2025,05-10-2025,08-10-2025,15-10-2025,No,Not Cancelled,08-11-2025,3,3,7,8
L1277,Chennai MBC,Warm,06-10-2025,10-10-2025,14-10-2025,18-10-2025,No,Not Cancelled,05-11-2025,4,4,4,1
L1278,Bangalore MBC,Cold,26-10-2025,,,,Yes,Other,,,,,
L1279,Bangalore MBC,Hot,10-10-2025,14-10-2025,19-10-2025,24-10-2025,Yes,Other,,4,5,5,
L1280,Bangalore MBC,Warm,20-10-2025,21-10-2025,25-10-2025,30-10-2025,No,Not Cancelled,16-11-2025,1,4,5,8
L1281,Chennai MBC,Cold,24-10-2025,,,,Yes,Changed Mind,,,,,
L1282,Bangalore MBC,Hot,27-10-2025,28-10-2025,02-11-2025,06-11-2025,Yes,Model Unavailable,,1,5,4,
L1283,Chennai MBC,Cold,19-10-2025,,,,Yes,Changed Mind,,,,,
L1284,Delhi MBC,Warm,30-10-2025,02-11-2025,04-11-2025,10-11-2025,No,Not Cancelled,28-11-2025,3,2,6,4
L1285,Mumbai MBC,Warm,10-10-2025,13-10-2025,15-10-2025,17-10-2025,No,Not Cancelled,14-11-2025,3,2,2,9
L1286,Bangalore MBC,Cold,15-10-2025,,,,Yes,Model Unavailable,,,,,
L1287,Bangalore MBC,Hot,04-10-2025,05-10-2025,10-10-2025,17-10-2025,No,Not Cancelled,28-10-2025,1,5,7,2
L1288,Delhi MBC,Warm,15-10-2025,16-10-2025,17-10-2025,19-10-2025,Yes,Changed Mind,,1,1,2,
L1289,Mumbai MBC,Cold,23-10-2025,,,,Yes,Other,,,,,
L1290,Chennai MBC,Hot,10-10-2025,15-10-2025,20-10-2025,27-10-2025,No,Not Cancelled,10-11-2025,5,5,7,4
L1291,Mumbai MBC,Warm,23-10-2025,28-10-2025,01-11-2025,06-11-2025,No,Not Cancelled,19-11-2025,5,4,5,1
L1292,Delhi MBC,Cold,13-10-2025,,,,Yes,Other,,,,,
L1293,Delhi MBC,Hot,31-10-2025,05-11-2025,10-11-2025,17-11-2025,No,Not Cancelled,29-11-2025,5,5,7,6
L1294,Mumbai MBC,Cold,09-10-2025,,,,Yes,Price,,,,,
L1295,Chennai MBC,Warm,17-10-2025,21-10-2025,24-10-2025,31-10-2025,Yes,Financing Issue,,4,3,7,
L1296,Chennai MBC,Warm,18-10-2025,22-10-2025,23-10-2025,30-10-2025,No,Not Cancelled,20-11-2025,4,1,7,6
L1297,Bangalore MBC,Warm,16-10-2025,21-10-2025,26-10-2025,30-10-2025,No,Not Cancelled,26-11-2025,5,5,4,10
L1298,Chennai MBC,Hot,15-10-2025,20-10-2025,21-10-2025,23-10-2025,No,Not Cancelled,15-11-2025,5,1,2,10
L1299,Mumbai MBC,Cold,03-10-2025,,,,Yes,Changed Mind,,,,,
L1300,Delhi MBC,Cold,20-10-2025,,,,Yes,Price,,,,,
L1301,Bangalore MBC,Warm,02-10-2025,03-10-2025,04-10-2025,10-10-2025,No,Not Cancelled,07-11-2025,1,1,6,8
L1302,Bangalore MBC,Warm,29-10-2025,02-11-2025,07-11-2025,12-11-2025,No,Not Cancelled,29-11-2025,4,5,5,5
L1303,Delhi MBC,Warm,14-10-2025,19-10-2025,24-10-2025,27-10-2025,No,Not Cancelled,23-11-2025,5,5,3,6
L1304,Chennai MBC,Warm,24-10-2025,26-10-2025,28-10-2025,02-11-2025,No,Not Cancelled,13-11-2025,2,2,5,1
L1305,Delhi MBC,Warm,11-10-2025,14-10-2025,19-10-2025,22-10-2025,No,Not Cancelled,13-11-2025,3,5,3,1
L1306,Chennai MBC,Warm,20-10-2025,25-10-2025,30-10-2025,04-11-2025,No,Not Cancelled,30-11-2025,5,5,5,8
L1307,Delhi MBC,Warm,09-10-2025,13-10-2025,15-10-2025,19-10-2025,No,Not Cancelled,11-11-2025,4,2,4,9
L1308,Mumbai MBC,Warm,01-10-2025,06-10-2025,08-10-2025,12-10-2025,No,Not Cancelled,08-11-2025,5,2,4,6
L1309,Chennai MBC,Warm,03-10-2025,05-10-2025,08-10-2025,12-10-2025,No,Not Cancelled,06-11-2025,2,3,4,5
L1310,Mumbai MBC,Hot,08-10-2025,09-10-2025,14-10-2025,18-10-2025,No,Not Cancelled,15-11-2025,1,5,4,3
L1311,Bangalore MBC,Hot,31-10-2025,04-11-2025,08-11-2025,14-11-2025,No,Not Cancelled,01-12-2025,4,4,6,6
L1312,Delhi MBC,Warm,22-10-2025,23-10-2025,24-10-2025,30-10-2025,No,Not Cancelled,24-11-2025,1,1,6,6
L1313,Bangalore MBC,Warm,27-10-2025,30-10-2025,01-11-2025,04-11-2025,No,Not Cancelled,23-11-2025,3,2,3,6
L1314,Bangalore MBC,Warm,28-10-2025,29-10-2025,03-11-2025,09-11-2025,No,Not Cancelled,21-11-2025,1,5,6,4
L1315,Bangalore MBC,Warm,19-10-2025,24-10-2025,28-10-2025,02-11-2025,No,Not Cancelled,24-11-2025,5,4,5,5
L1316,Bangalore MBC,Warm,19-10-2025,21-10-2025,22-10-2025,26-10-2025,No,Not Cancelled,06-11-2025,2,1,4,9
L1317,Delhi MBC,Warm,31-10-2025,01-11-2025,06-11-2025,13-11-2025,Yes,Financing Issue,,1,5,7,
L1318,Bangalore MBC,Warm,01-10-2025,03-10-2025,07-10-2025,09-10-2025,No,Not Cancelled,04-11-2025,2,4,2,6
L1319,Delhi MBC,Warm,25-10-2025,29-10-2025,30-10-2025,01-11-2025,Yes,Changed Mind,,4,1,2,
L1320,Delhi MBC,Warm,22-10-2025,26-10-2025,30-10-2025,01-11-2025,No,Not Cancelled,29-11-2025,4,4,2,4
L1321,Mumbai MBC,Cold,27-10-2025,,,,Yes,Model Unavailable,,,,,
L1322,Chennai MBC,Warm,09-10-2025,14-10-2025,16-10-2025,23-10-2025,Yes,Financing Issue,,5,2,7,
L1323,Chennai MBC,Hot,19-10-2025,24-10-2025,29-10-2025,03-11-2025,No,Not Cancelled,29-11-2025,5,5,5,2
L1324,Delhi MBC,Hot,02-10-2025,07-10-2025,11-10-2025,13-10-2025,Yes,Other,,5,4,2,
L1325,Mumbai MBC,Hot,25-10-2025,27-10-2025,31-10-2025,02-11-2025,No,Not Cancelled,30-11-2025,2,4,2,10
L1326,Delhi MBC,Warm,25-10-2025,28-10-2025,02-11-2025,05-11-2025,No,Not Cancelled,04-12-2025,3,5,3,6
L1327,Delhi MBC,Warm,06-10-2025,09-10-2025,10-10-2025,15-10-2025,No,Not Cancelled,29-10-2025,3,1,5,7
L1328,Delhi MBC,Warm,16-10-2025,19-10-2025,24-10-2025,29-10-2025,No,Not Cancelled,11-11-2025,3,5,5,3
L1329,Mumbai MBC,Warm,17-10-2025,21-10-2025,25-10-2025,27-10-2025,No,Not Cancelled,20-11-2025,4,4,2,2
L1330,Chennai MBC,Hot,21-10-2025,25-10-2025,28-10-2025,02-11-2025,No,Not Cancelled,17-11-2025,4,3,5,1
L1331,Mumbai MBC,Warm,15-10-2025,18-10-2025,19-10-2025,22-10-2025,No,Not Cancelled,06-11-2025,3,1,3,0
L1332,Bangalore MBC,Hot,30-10-2025,04-11-2025,08-11-2025,15-11-2025,No,Not Cancelled,01-12-2025,5,4,7,2
L1333,Mumbai MBC,Warm,09-10-2025,10-10-2025,13-10-2025,16-10-2025,No,Not Cancelled,01-11-2025,1,3,3,2
L1334,Mumbai MBC,Hot,06-10-2025,09-10-2025,10-10-2025,17-10-2025,No,Not Cancelled,31-10-2025,3,1,7,1
L1335,Mumbai MBC,Cold,19-10-2025,,,,Yes,Price,,,,,
L1336,Mumbai MBC,Hot,14-10-2025,15-10-2025,17-10-2025,21-10-2025,No,Not Cancelled,01-11-2025,1,2,4,7
L1337,Chennai MBC,Cold,21-10-2025,,,,Yes,Financing Issue,,,,,
L1338,Bangalore MBC,Warm,27-10-2025,30-10-2025,04-11-2025,07-11-2025,No,Not Cancelled,30-11-2025,3,5,3,3
L1339,Chennai MBC,Cold,16-10-2025,,,,Yes,Financing Issue,,,,,
L1340,Chennai MBC,Warm,03-10-2025,04-10-2025,05-10-2025,09-10-2025,No,Not Cancelled,21-10-2025,1,1,4,10
L1341,Mumbai MBC,Warm,16-10-2025,21-10-2025,22-10-2025,24-10-2025,No,Not Cancelled,16-11-2025,5,1,2,1
L1342,Delhi MBC,Warm,12-10-2025,16-10-2025,20-10-2025,27-10-2025,No,Not Cancelled,12-11-2025,4,4,7,4
L1343,Delhi MBC,Warm,14-10-2025,17-10-2025,20-10-2025,24-10-2025,No,Not Cancelled,23-11-2025,3,3,4,8
L1344,Chennai MBC,Warm,11-10-2025,14-10-2025,15-10-2025,19-10-2025,No,Not Cancelled,02-11-2025,3,1,4,3
L1345,Chennai MBC,Warm,11-10-2025,16-10-2025,21-10-2025,23-10-2025,No,Not Cancelled,21-11-2025,5,5,2,6
L1346,Mumbai MBC,Warm,22-10-2025,24-10-2025,25-10-2025,29-10-2025,No,Not Cancelled,16-11-2025,2,1,4,4
L1347,Chennai MBC,Hot,04-10-2025,07-10-2025,08-10-2025,15-10-2025,No,Not Cancelled,04-11-2025,3,1,7,8
L1348,Mumbai MBC,Warm,28-10-2025,29-10-2025,02-11-2025,09-11-2025,No,Not Cancelled,21-11-2025,1,4,7,4
L1349,Delhi MBC,Warm,06-10-2025,11-10-2025,12-10-2025,15-10-2025,No,Not Cancelled,27-10-2025,5,1,3,6
L1350,Delhi MBC,Warm,11-10-2025,13-10-2025,16-10-2025,18-10-2025,Yes,Other,,2,3,2,
L1351,Bangalore MBC,Warm,14-10-2025,17-10-2025,21-10-2025,26-10-2025,Yes,Changed Mind,,3,4,5,
L1352,Delhi MBC,Warm,23-10-2025,26-10-2025,28-10-2025,04-11-2025,No,Not Cancelled,26-11-2025,3,2,7,5
L1353,Chennai MBC,Cold,16-10-2025,,,,Yes,Model Unavailable,,,,,
L1354,Delhi MBC,Hot,10-10-2025,14-10-2025,16-10-2025,20-10-2025,No,Not Cancelled,16-11-2025,4,2,4,2
L1355,Mumbai MBC,Warm,22-10-2025,24-10-2025,28-10-2025,04-11-2025,No,Not Cancelled,26-11-2025,2,4,7,3
L1356,Delhi MBC,Warm,31-10-2025,05-11-2025,08-11-2025,15-11-2025,No,Not Cancelled,12-12-2025,5,3,7,10
L1357,Bangalore MBC,Warm,13-10-2025,14-10-2025,18-10-2025,21-10-2025,No,Not Cancelled,10-11-2025,1,4,3,3
L1358,Delhi MBC,Cold,27-10-2025,,,,Yes,Other,,,,,
L1359,Mumbai MBC,Hot,25-10-2025,28-10-2025,01-11-2025,06-11-2025,No,Not Cancelled,24-11-2025,3,4,5,5
L1360,Mumbai MBC,Warm,18-10-2025,23-10-2025,27-10-2025,03-11-2025,No,Not Cancelled,29-11-2025,5,4,7,8
L1361,Chennai MBC,Warm,02-10-2025,06-10-2025,10-10-2025,12-10-2025,No,Not Cancelled,05-11-2025,4,4,2,0
L1362,Delhi MBC,Warm,15-10-2025,18-10-2025,19-10-2025,26-10-2025,No,Not Cancelled,05-11-2025,3,1,7,1
L1363,Mumbai MBC,Warm,03-10-2025,05-10-2025,10-10-2025,12-10-2025,No,Not Cancelled,10-11-2025,2,5,2,4
L1364,Bangalore MBC,Warm,11-10-2025,16-10-2025,18-10-2025,20-10-2025,No,Not Cancelled,17-11-2025,5,2,2,5
L1365,Chennai MBC,Warm,09-10-2025,10-10-2025,13-10-2025,16-10-2025,No,Not Cancelled,11-11-2025,1,3,3,10
L1366,Bangalore MBC,Warm,11-10-2025,15-10-2025,16-10-2025,21-10-2025,No,Not Cancelled,13-11-2025,4,1,5,3
L1367,Delhi MBC,Hot,04-10-2025,09-10-2025,11-10-2025,13-10-2025,Yes,Model Unavailable,,5,2,2,
L1368,Delhi MBC,Warm,25-10-2025,28-10-2025,02-11-2025,05-11-2025,No,Not Cancelled,18-11-2025,3,5,3,10
L1369,Delhi MBC,Hot,13-10-2025,14-10-2025,18-10-2025,24-10-2025,No,Not Cancelled,16-11-2025,1,4,6,4
L1370,Chennai MBC,Warm,28-10-2025,31-10-2025,05-11-2025,08-11-2025,No,Not Cancelled,22-11-2025,3,5,3,7
L1371,Mumbai MBC,Warm,17-10-2025,20-10-2025,22-10-2025,28-10-2025,No,Not Cancelled,11-11-2025,3,2,6,1
L1372,Chennai MBC,Warm,27-10-2025,29-10-2025,31-10-2025,07-11-2025,No,Not Cancelled,05-12-2025,2,2,7,5
L1373,Bangalore MBC,Warm,01-10-2025,03-10-2025,04-10-2025,09-10-2025,No,Not Cancelled,06-11-2025,2,1,5,2
L1374,Chennai MBC,Hot,22-10-2025,25-10-2025,26-10-2025,28-10-2025,No,Not Cancelled,25-11-2025,3,1,2,9
L1375,Bangalore MBC,Warm,28-10-2025,01-11-2025,04-11-2025,06-11-2025,Yes,Changed Mind,,4,3,2,
L1376,Chennai MBC,Warm,18-10-2025,20-10-2025,24-10-2025,31-10-2025,No,Not Cancelled,13-11-2025,2,4,7,3
L1377,Mumbai MBC,Warm,15-10-2025,17-10-2025,22-10-2025,26-10-2025,No,Not Cancelled,08-11-2025,2,5,4,9
L1378,Bangalore MBC,Cold,14-10-2025,,,,Yes,Financing Issue,,,,,
L1379,Delhi MBC,Hot,02-10-2025,04-10-2025,08-10-2025,10-10-2025,No,Not Cancelled,07-11-2025,2,4,2,10
L1380,Delhi MBC,Warm,07-10-2025,09-10-2025,14-10-2025,19-10-2025,No,Not Cancelled,01-11-2025,2,5,5,1
L1381,Chennai MBC,Warm,17-10-2025,18-10-2025,22-10-2025,29-10-2025,No,Not Cancelled,17-11-2025,1,4,7,8
L1382,Delhi MBC,Warm,12-10-2025,15-10-2025,17-10-2025,20-10-2025,No,Not Cancelled,16-11-2025,3,2,3,4
L1383,Bangalore MBC,Hot,20-10-2025,21-10-2025,23-10-2025,28-10-2025,No,Not Cancelled,18-11-2025,1,2,5,9
L1384,Delhi MBC,Hot,25-10-2025,30-10-2025,03-11-2025,05-11-2025,Yes,Model Unavailable,,5,4,2,
L1385,Mumbai MBC,Cold,16-10-2025,,,,Yes,Price,,,,,
L1386,Mumbai MBC,Warm,21-10-2025,26-10-2025,29-10-2025,01-11-2025,No,Not Cancelled,24-11-2025,5,3,3,5
L1387,Chennai MBC,Warm,15-10-2025,20-10-2025,22-10-2025,27-10-2025,Yes,Price,,5,2,5,
L1388,Bangalore MBC,Warm,25-10-2025,26-10-2025,29-10-2025,31-10-2025,No,Not Cancelled,18-11-2025,1,3,2,3
L1389,Mumbai MBC,Warm,02-10-2025,05-10-2025,07-10-2025,14-10-2025,No,Not Cancelled,05-11-2025,3,2,7,6
L1390,Mumbai MBC,Hot,07-10-2025,12-10-2025,13-10-2025,15-10-2025,No,Not Cancelled,14-11-2025,5,1,2,1
L1391,Bangalore MBC,Warm,09-10-2025,11-10-2025,12-10-2025,14-10-2025,No,Not Cancelled,08-11-2025,2,1,2,4
L1392,Delhi MBC,Warm,18-10-2025,23-10-2025,27-10-2025,31-10-2025,No,Not Cancelled,28-11-2025,5,4,4,6
L1393,Delhi MBC,Cold,05-10-2025,,,,Yes,Other,,,,,
L1394,Chennai MBC,Hot,30-10-2025,03-11-2025,08-11-2025,12-11-2025,No,Not Cancelled,11-12-2025,4,5,4,2
L1395,Delhi MBC,Warm,10-10-2025,12-10-2025,13-10-2025,17-10-2025,No,Not Cancelled,11-11-2025,2,1,4,8
L1396,Bangalore MBC,Warm,15-10-2025,17-10-2025,19-10-2025,22-10-2025,No,Not Cancelled,02-11-2025,2,2,3,6
L1397,Mumbai MBC,Warm,29-10-2025,31-10-2025,02-11-2025,07-11-2025,No,Not Cancelled,22-11-2025,2,2,5,2
L1398,Delhi MBC,Warm,23-10-2025,28-10-2025,29-10-2025,01-11-2025,No,Not Cancelled,19-11-2025,5,1,3,6
L1399,Chennai MBC,Warm,16-10-2025,18-10-2025,19-10-2025,26-10-2025,No,Not Cancelled,17-11-2025,2,1,7,7
L1400,Delhi MBC,Warm,04-10-2025,08-10-2025,13-10-2025,20-10-2025,No,Not Cancelled,03-11-2025,4,5,7,1
L1401,Bangalore MBC,Warm,01-10-2025,02-10-2025,03-10-2025,06-10-2025,No,Not Cancelled,04-11-2025,1,1,3,8
L1402,Chennai MBC,Warm,21-10-2025,25-10-2025,29-10-2025,31-10-2025,No,Not Cancelled,29-11-2025,4,4,2,7
L1403,Delhi MBC,Cold,20-10-2025,,,,Yes,Changed Mind,,,,,
L1404,Chennai MBC,Warm,26-10-2025,29-10-2025,03-11-2025,09-11-2025,Yes,Other,,3,5,6,
L1405,Bangalore MBC,Warm,08-10-2025,10-10-2025,11-10-2025,17-10-2025,No,Not Cancelled,08-11-2025,2,1,6,7
L1406,Mumbai MBC,Hot,23-10-2025,27-10-2025,29-10-2025,31-10-2025,No,Not Cancelled,11-11-2025,4,2,2,7
L1407,Bangalore MBC,Cold,06-10-2025,,,,Yes,Other,,,,,
L1408,Bangalore MBC,Hot,10-10-2025,15-10-2025,16-10-2025,22-10-2025,Yes,Other,,5,1,6,
L1409,Bangalore MBC,Hot,18-10-2025,21-10-2025,25-10-2025,01-11-2025,No,Not Cancelled,23-11-2025,3,4,7,1
L1410,Bangalore MBC,Hot,01-10-2025,05-10-2025,09-10-2025,12-10-2025,No,Not Cancelled,01-11-2025,4,4,3,1
L1411,Mumbai MBC,Warm,18-10-2025,20-10-2025,22-10-2025,27-10-2025,No,Not Cancelled,13-11-2025,2,2,5,10
L1412,Mumbai MBC,Hot,14-10-2025,19-10-2025,24-10-2025,28-10-2025,No,Not Cancelled,08-11-2025,5,5,4,7
L1413,Chennai MBC,Hot,03-10-2025,05-10-2025,07-10-2025,14-10-2025,No,Not Cancelled,08-11-2025,2,2,7,3
L1414,Delhi MBC,Hot,08-10-2025,11-10-2025,12-10-2025,15-10-2025,Yes,Price,,3,1,3,
L1415,Mumbai MBC,Hot,27-10-2025,31-10-2025,02-11-2025,09-11-2025,No,Not Cancelled,27-11-2025,4,2,7,0
L1416,Mumbai MBC,Warm,30-10-2025,01-11-2025,06-11-2025,13-11-2025,No,Not Cancelled,04-12-2025,2,5,7,4
L1417,Delhi MBC,Warm,04-10-2025,07-10-2025,10-10-2025,13-10-2025,No,Not Cancelled,23-10-2025,3,3,3,10
L1418,Mumbai MBC,Warm,15-10-2025,20-10-2025,22-10-2025,27-10-2025,No,Not Cancelled,16-11-2025,5,2,5,9
L1419,Bangalore MBC,Warm,31-10-2025,04-11-2025,09-11-2025,15-11-2025,No,Not Cancelled,04-12-2025,4,5,6,5
L1420,Bangalore MBC,Warm,04-10-2025,08-10-2025,11-10-2025,18-10-2025,No,Not Cancelled,06-11-2025,4,3,7,1
L1421,Delhi MBC,Hot,21-10-2025,24-10-2025,29-10-2025,03-11-2025,No,Not Cancelled,21-11-2025,3,5,5,7
L1422,Chennai MBC,Warm,27-10-2025,31-10-2025,05-11-2025,08-11-2025,No,Not Cancelled,03-12-2025,4,5,3,2
L1423,Chennai MBC,Cold,05-10-2025,,,,Yes,Price,,,,,
L1424,Delhi MBC,Warm,16-10-2025,21-10-2025,24-10-2025,26-10-2025,No,Not Cancelled,08-11-2025,5,3,2,3
L1425,Delhi MBC,Hot,30-10-2025,04-11-2025,06-11-2025,08-11-2025,No,Not Cancelled,25-11-2025,5,2,2,3
L1426,Bangalore MBC,Warm,23-10-2025,27-10-2025,30-10-2025,02-11-2025,No,Not Cancelled,16-11-2025,4,3,3,6
L1427,Chennai MBC,Warm,10-10-2025,12-10-2025,14-10-2025,16-10-2025,No,Not Cancelled,04-11-2025,2,2,2,7
L1428,Mumbai MBC,Warm,17-10-2025,19-10-2025,24-10-2025,30-10-2025,No,Not Cancelled,23-11-2025,2,5,6,8
L1429,Bangalore MBC,Hot,23-10-2025,28-10-2025,30-10-2025,06-11-2025,No,Not Cancelled,26-11-2025,5,2,7,6
L1430,Delhi MBC,Hot,09-10-2025,11-10-2025,15-10-2025,20-10-2025,No,Not Cancelled,07-11-2025,2,4,5,10
L1431,Chennai MBC,Hot,14-10-2025,17-10-2025,20-10-2025,24-10-2025,No,Not Cancelled,16-11-2025,3,3,4,4
L1432,Mumbai MBC,Cold,27-10-2025,,,,Yes,Other,,,,,
L1433,Mumbai MBC,Warm,16-10-2025,17-10-2025,20-10-2025,25-10-2025,No,Not Cancelled,23-11-2025,1,3,5,1
L1434,Bangalore MBC,Hot,16-10-2025,20-10-2025,21-10-2025,25-10-2025,No,Not Cancelled,24-11-2025,4,1,4,3
L1435,Chennai MBC,Hot,08-10-2025,11-10-2025,16-10-2025,19-10-2025,No,Not Cancelled,31-10-2025,3,5,3,7
L1436,Chennai MBC,Warm,15-10-2025,20-10-2025,25-10-2025,28-10-2025,No,Not Cancelled,13-11-2025,5,5,3,3
L1437,Delhi MBC,Hot,18-10-2025,19-10-2025,21-10-2025,25-10-2025,No,Not Cancelled,18-11-2025,1,2,4,8
L1438,Chennai MBC,Hot,05-10-2025,10-10-2025,14-10-2025,21-10-2025,No,Not Cancelled,06-11-2025,5,4,7,7
L1439,Chennai MBC,Cold,13-10-2025,,,,Yes,Price,,,,,
L1440,Bangalore MBC,Hot,07-10-2025,08-10-2025,13-10-2025,15-10-2025,No,Not Cancelled,07-11-2025,1,5,2,1
L1441,Chennai MBC,Warm,30-10-2025,02-11-2025,06-11-2025,09-11-2025,No,Not Cancelled,04-12-2025,3,4,3,8
L1442,Mumbai MBC,Cold,20-10-2025,,,,Yes,Changed Mind,,,,,
L1443,Bangalore MBC,Warm,17-10-2025,18-10-2025,19-10-2025,25-10-2025,No,Not Cancelled,20-11-2025,1,1,6,6
L1444,Bangalore MBC,Hot,24-10-2025,26-10-2025,29-10-2025,04-11-2025,Yes,Other,,2,3,6,
L1445,Delhi MBC,Hot,29-10-2025,01-11-2025,05-11-2025,11-11-2025,No,Not Cancelled,02-12-2025,3,4,6,3
L1446,Chennai MBC,Cold,05-10-2025,,,,Yes,Price,,,,,
L1447,Delhi MBC,Cold,28-10-2025,,,,Yes,Model Unavailable,,,,,
L1448,Mumbai MBC,Warm,03-10-2025,07-10-2025,12-10-2025,19-10-2025,No,Not Cancelled,30-10-2025,4,5,7,3
L1449,Bangalore MBC,Hot,09-10-2025,14-10-2025,17-10-2025,23-10-2025,No,Not Cancelled,18-11-2025,5,3,6,3
L1450,Bangalore MBC,Warm,25-10-2025,27-10-2025,31-10-2025,04-11-2025,No,Not Cancelled,19-11-2025,2,4,4,0
L1451,Bangalore MBC,Cold,26-10-2025,,,,Yes,Other,,,,,
L1452,Mumbai MBC,Warm,28-10-2025,01-11-2025,05-11-2025,12-11-2025,No,Not Cancelled,24-11-2025,4,4,7,4
L1453,Mumbai MBC,Cold,14-10-2025,,,,Yes,Other,,,,,
L1454,Delhi MBC,Cold,11-10-2025,,,,Yes,Changed Mind,,,,,
L1455,Delhi MBC,Warm,30-10-2025,31-10-2025,02-11-2025,04-11-2025,No,Not Cancelled,23-11-2025,1,2,2,9
L1456,Delhi MBC,Warm,26-10-2025,28-10-2025,31-10-2025,07-11-2025,Yes,Financing Issue,,2,3,7,
L1457,Chennai MBC,Warm,17-10-2025,21-10-2025,25-10-2025,29-10-2025,No,Not Cancelled,24-11-2025,4,4,4,5
L1458,Bangalore MBC,Hot,09-10-2025,12-10-2025,14-10-2025,17-10-2025,No,Not Cancelled,08-11-2025,3,2,3,5
L1459,Bangalore MBC,Warm,27-10-2025,28-10-2025,02-11-2025,08-11-2025,No,Not Cancelled,22-11-2025,1,5,6,1
L1460,Delhi MBC,Warm,01-10-2025,05-10-2025,09-10-2025,15-10-2025,Yes,Financing Issue,,4,4,6,
L1461,Bangalore MBC,Cold,10-10-2025,,,,Yes,Changed Mind,,,,,
L1462,Delhi MBC,Cold,24-10-2025,,,,Yes,Changed Mind,,,,,
L1463,Chennai MBC,Warm,10-10-2025,11-10-2025,13-10-2025,19-10-2025,No,Not Cancelled,14-11-2025,1,2,6,1
L1464,Chennai MBC,Hot,27-10-2025,31-10-2025,02-11-2025,05-11-2025,No,Not Cancelled,03-12-2025,4,2,3,4
L1465,Mumbai MBC,Hot,19-10-2025,24-10-2025,27-10-2025,03-11-2025,No,Not Cancelled,13-11-2025,5,3,7,4
L1466,Chennai MBC,Hot,19-10-2025,22-10-2025,24-10-2025,29-10-2025,No,Not Cancelled,13-11-2025,3,2,5,1
L1467,Delhi MBC,Warm,22-10-2025,24-10-2025,28-10-2025,01-11-2025,No,Not Cancelled,17-11-2025,2,4,4,1
L1468,Chennai MBC,Warm,16-10-2025,20-10-2025,21-10-2025,28-10-2025,No,Not Cancelled,13-11-2025,4,1,7,0
L1469,Mumbai MBC,Cold,28-10-2025,,,,Yes,Changed Mind,,,,,
L1470,Bangalore MBC,Warm,05-10-2025,06-10-2025,11-10-2025,13-10-2025,No,Not Cancelled,24-10-2025,1,5,2,7
L1471,Delhi MBC,Cold,15-10-2025,,,,Yes,Financing Issue,,,,,
L1472,Bangalore MBC,Cold,18-10-2025,,,,Yes,Changed Mind,,,,,
L1473,Mumbai MBC,Warm,16-10-2025,19-10-2025,23-10-2025,26-10-2025,No,Not Cancelled,12-11-2025,3,4,3,8
L1474,Mumbai MBC,Cold,12-10-2025,,,,Yes,Price,,,,,
L1475,Mumbai MBC,Warm,11-10-2025,13-10-2025,17-10-2025,22-10-2025,Yes,Other,,2,4,5,
L1476,Bangalore MBC,Hot,18-10-2025,19-10-2025,24-10-2025,29-10-2025,No,Not Cancelled,09-11-2025,1,5,5,2
L1477,Bangalore MBC,Warm,25-10-2025,28-10-2025,02-11-2025,04-11-2025,Yes,Other,,3,5,2,
L1478,Bangalore MBC,Warm,18-10-2025,19-10-2025,21-10-2025,24-10-2025,No,Not Cancelled,17-11-2025,1,2,3,7
L1479,Bangalore MBC,Warm,13-10-2025,16-10-2025,20-10-2025,25-10-2025,Yes,Model Unavailable,,3,4,5,
L1480,Mumbai MBC,Warm,15-10-2025,17-10-2025,19-10-2025,26-10-2025,No,Not Cancelled,06-11-2025,2,2,7,2
L1481,Mumbai MBC,Warm,30-10-2025,01-11-2025,04-11-2025,10-11-2025,No,Not Cancelled,01-12-2025,2,3,6,8
L1482,Delhi MBC,Warm,11-10-2025,12-10-2025,14-10-2025,16-10-2025,No,Not Cancelled,01-11-2025,1,2,2,5
L1483,Delhi MBC,Warm,28-10-2025,31-10-2025,03-11-2025,09-11-2025,No,Not Cancelled,27-11-2025,3,3,6,5
L1484,Bangalore MBC,Warm,07-10-2025,11-10-2025,12-10-2025,14-10-2025,No,Not Cancelled,04-11-2025,4,1,2,6
L1485,Chennai MBC,Warm,23-10-2025,25-10-2025,29-10-2025,02-11-2025,Yes,Model Unavailable,,2,4,4,
L1486,Chennai MBC,Warm,08-10-2025,12-10-2025,15-10-2025,19-10-2025,No,Not Cancelled,12-11-2025,4,3,4,9
L1487,Mumbai MBC,Hot,19-10-2025,23-10-2025,24-10-2025,27-10-2025,No,Not Cancelled,22-11-2025,4,1,3,4
L1488,Mumbai MBC,Warm,13-10-2025,18-10-2025,23-10-2025,28-10-2025,No,Not Cancelled,19-11-2025,5,5,5,5
L1489,Mumbai MBC,Hot,08-10-2025,09-10-2025,11-10-2025,17-10-2025,No,Not Cancelled,16-11-2025,1,2,6,2
L1490,Delhi MBC,Warm,28-10-2025,29-10-2025,30-10-2025,04-11-2025,No,Not Cancelled,17-11-2025,1,1,5,9
L1491,Delhi MBC,Warm,25-10-2025,26-10-2025,29-10-2025,02-11-2025,Yes,Other,,1,3,4,
L1492,Mumbai MBC,Warm,14-10-2025,17-10-2025,21-10-2025,27-10-2025,No,Not Cancelled,06-11-2025,3,4,6,3
L1493,Mumbai MBC,Warm,02-10-2025,04-10-2025,09-10-2025,16-10-2025,No,Not Cancelled,02-11-2025,2,5,7,1
L1494,Mumbai MBC,Cold,11-10-2025,,,,Yes,Price,,,,,
L1495,Chennai MBC,Cold,24-10-2025,,,,Yes,Financing Issue,,,,,
L1496,Delhi MBC,Cold,16-10-2025,,,,Yes,Financing Issue,,,,,
L1497,Chennai MBC,Cold,23-10-2025,,,,Yes,Price,,,,,
L1498,Chennai MBC,Hot,30-10-2025,01-11-2025,06-11-2025,09-11-2025,No,Not Cancelled,30-11-2025,2,5,3,8
L1499,Mumbai MBC,Hot,26-10-2025,31-10-2025,01-11-2025,06-11-2025,No,Not Cancelled,01-12-2025,5,1,5,7
L1500,Mumbai MBC,Warm,13-10-2025,18-10-2025,19-10-2025,21-10-2025,No,Not Cancelled,19-11-2025,5,1,2,9
L1501,Bangalore MBC,Hot,13-10-2025,18-10-2025,20-10-2025,22-10-2025,No,Not Cancelled,15-11-2025,5,2,2,4
L1502,Bangalore MBC,Warm,22-10-2025,26-10-2025,31-10-2025,06-11-2025,No,Not Cancelled,21-11-2025,4,5,6,5
L1503,Chennai MBC,Warm,26-10-2025,27-10-2025,01-11-2025,03-11-2025,No,Not Cancelled,28-11-2025,1,5,2,10
L1504,Delhi MBC,Warm,27-10-2025,30-10-2025,01-11-2025,03-11-2025,No,Not Cancelled,01-12-2025,3,2,2,1
L1505,Mumbai MBC,Warm,21-10-2025,23-10-2025,27-10-2025,31-10-2025,No,Not Cancelled,27-11-2025,2,4,4,10
L1506,Mumbai MBC,Warm,05-10-2025,08-10-2025,10-10-2025,13-10-2025,No,Not Cancelled,03-11-2025,3,2,3,5
L1507,Chennai MBC,Warm,16-10-2025,17-10-2025,20-10-2025,22-10-2025,No,Not Cancelled,12-11-2025,1,3,2,5
L1508,Bangalore MBC,Cold,31-10-2025,,,,Yes,Financing Issue,,,,,
L1509,Delhi MBC,Warm,02-10-2025,03-10-2025,06-10-2025,08-10-2025,No,Not Cancelled,23-10-2025,1,3,2,7
L1510,Bangalore MBC,Cold,05-10-2025,,,,Yes,Changed Mind,,,,,
L1511,Bangalore MBC,Hot,17-10-2025,19-10-2025,20-10-2025,25-10-2025,No,Not Cancelled,12-11-2025,2,1,5,7
L1512,Bangalore MBC,Cold,31-10-2025,,,,Yes,Other,,,,,
L1513,Bangalore MBC,Warm,19-10-2025,23-10-2025,25-10-2025,31-10-2025,No,Not Cancelled,12-11-2025,4,2,6,3
L1514,Mumbai MBC,Warm,11-10-2025,16-10-2025,18-10-2025,22-10-2025,No,Not Cancelled,10-11-2025,5,2,4,5
L1515,Mumbai MBC,Hot,28-10-2025,01-11-2025,02-11-2025,09-11-2025,Yes,Other,,4,1,7,
L1516,Bangalore MBC,Warm,04-10-2025,05-10-2025,09-10-2025,16-10-2025,No,Not Cancelled,26-10-2025,1,4,7,2
L1517,Delhi MBC,Hot,28-10-2025,29-10-2025,31-10-2025,06-11-2025,No,Not Cancelled,28-11-2025,1,2,6,1
L1518,Chennai MBC,Hot,28-10-2025,01-11-2025,06-11-2025,11-11-2025,No,Not Cancelled,22-11-2025,4,5,5,10
L1519,Delhi MBC,Warm,15-10-2025,20-10-2025,22-10-2025,27-10-2025,No,Not Cancelled,11-11-2025,5,2,5,6
L1520,Delhi MBC,Warm,04-10-2025,09-10-2025,13-10-2025,20-10-2025,No,Not Cancelled,17-11-2025,5,4,7,7
L1521,Delhi MBC,Warm,17-10-2025,18-10-2025,20-10-2025,25-10-2025,No,Not Cancelled,10-11-2025,1,2,5,4
L1522,Bangalore MBC,Cold,30-10-2025,,,,Yes,Price,,,,,
L1523,Mumbai MBC,Warm,15-10-2025,20-10-2025,25-10-2025,27-10-2025,No,Not Cancelled,13-11-2025,5,5,2,4
L1524,Delhi MBC,Warm,01-10-2025,06-10-2025,09-10-2025,16-10-2025,No,Not Cancelled,15-11-2025,5,3,7,8
L1525,Bangalore MBC,Hot,24-10-2025,26-10-2025,29-10-2025,04-11-2025,No,Not Cancelled,21-11-2025,2,3,6,8
L1526,Delhi MBC,Warm,05-10-2025,07-10-2025,11-10-2025,17-10-2025,No,Not Cancelled,02-11-2025,2,4,6,6
L1527,Delhi MBC,Warm,14-10-2025,17-10-2025,21-10-2025,27-10-2025,No,Not Cancelled,14-11-2025,3,4,6,4
L1528,Bangalore MBC,Cold,28-10-2025,,,,Yes,Financing Issue,,,,,
L1529,Mumbai MBC,Cold,21-10-2025,,,,Yes,Model Unavailable,,,,,
L1530,Mumbai MBC,Warm,05-10-2025,09-10-2025,14-10-2025,17-10-2025,No,Not Cancelled,16-11-2025,4,5,3,2
L1531,Chennai MBC,Hot,03-10-2025,04-10-2025,07-10-2025,11-10-2025,No,Not Cancelled,03-11-2025,1,3,4,2
L1532,Bangalore MBC,Cold,16-10-2025,,,,Yes,Model Unavailable,,,,,
L1533,Chennai MBC,Warm,26-10-2025,31-10-2025,03-11-2025,05-11-2025,No,Not Cancelled,01-12-2025,5,3,2,1
L1534,Chennai MBC,Hot,09-10-2025,12-10-2025,15-10-2025,19-10-2025,No,Not Cancelled,29-10-2025,3,3,4,0
L1535,Chennai MBC,Hot,11-10-2025,13-10-2025,16-10-2025,18-10-2025,Yes,Financing Issue,,2,3,2,
L1536,Mumbai MBC,Warm,20-10-2025,25-10-2025,30-10-2025,05-11-2025,No,Not Cancelled,15-11-2025,5,5,6,0
L1537,Bangalore MBC,Hot,23-10-2025,27-10-2025,31-10-2025,03-11-2025,No,Not Cancelled,28-11-2025,4,4,3,3
L1538,Chennai MBC,Cold,13-10-2025,,,,Yes,Model Unavailable,,,,,
L1539,Bangalore MBC,Warm,21-10-2025,23-10-2025,27-10-2025,30-10-2025,Yes,Price,,2,4,3,
L1540,Bangalore MBC,Hot,03-10-2025,04-10-2025,05-10-2025,11-10-2025,No,Not Cancelled,25-10-2025,1,1,6,9
L1541,Mumbai MBC,Cold,28-10-2025,,,,Yes,Price,,,,,
L1542,Chennai MBC,Warm,11-10-2025,16-10-2025,20-10-2025,24-10-2025,No,Not Cancelled,23-11-2025,5,4,4,9
L1543,Chennai MBC,Warm,28-10-2025,31-10-2025,03-11-2025,08-11-2025,No,Not Cancelled,23-11-2025,3,3,5,4
L1544,Bangalore MBC,Hot,22-10-2025,23-10-2025,25-10-2025,31-10-2025,No,Not Cancelled,29-11-2025,1,2,6,1
L1545,Delhi MBC,Hot,28-10-2025,02-11-2025,05-11-2025,12-11-2025,No,Not Cancelled,22-11-2025,5,3,7,6
L1546,Mumbai MBC,Warm,18-10-2025,23-10-2025,26-10-2025,02-11-2025,No,Not Cancelled,19-11-2025,5,3,7,3
L1547,Mumbai MBC,Warm,13-10-2025,18-10-2025,22-10-2025,29-10-2025,No,Not Cancelled,16-11-2025,5,4,7,4
L1548,Mumbai MBC,Warm,31-10-2025,05-11-2025,06-11-2025,13-11-2025,No,Not Cancelled,12-12-2025,5,1,7,6
L1549,Mumbai MBC,Warm,11-10-2025,16-10-2025,21-10-2025,23-10-2025,No,Not Cancelled,11-11-2025,5,5,2,5
L1550,Chennai MBC,Warm,21-10-2025,22-10-2025,24-10-2025,28-10-2025,No,Not Cancelled,27-11-2025,1,2,4,3
L1551,Chennai MBC,Hot,23-10-2025,27-10-2025,29-10-2025,05-11-2025,No,Not Cancelled,23-11-2025,4,2,7,3
L1552,Delhi MBC,Warm,29-10-2025,02-11-2025,03-11-2025,08-11-2025,No,Not Cancelled,01-12-2025,4,1,5,9
L1553,Mumbai MBC,Cold,25-10-2025,,,,Yes,Financing Issue,,,,,
L1554,Mumbai MBC,Warm,16-10-2025,17-10-2025,20-10-2025,27-10-2025,No,Not Cancelled,18-11-2025,1,3,7,2
L1555,Bangalore MBC,Warm,28-10-2025,01-11-2025,06-11-2025,09-11-2025,No,Not Cancelled,30-11-2025,4,5,3,8
L1556,Chennai MBC,Hot,18-10-2025,21-10-2025,26-10-2025,28-10-2025,No,Not Cancelled,21-11-2025,3,5,2,1
L1557,Mumbai MBC,Warm,02-10-2025,05-10-2025,10-10-2025,13-10-2025,No,Not Cancelled,31-10-2025,3,5,3,2
L1558,Delhi MBC,Warm,20-10-2025,21-10-2025,25-10-2025,27-10-2025,No,Not Cancelled,12-11-2025,1,4,2,6
L1559,Delhi MBC,Cold,03-10-2025,,,,Yes,Model Unavailable,,,,,
L1560,Chennai MBC,Warm,08-10-2025,11-10-2025,14-10-2025,19-10-2025,No,Not Cancelled,12-11-2025,3,3,5,6
L1561,Delhi MBC,Cold,21-10-2025,,,,Yes,Price,,,,,
L1562,Delhi MBC,Warm,22-10-2025,23-10-2025,25-10-2025,27-10-2025,No,Not Cancelled,15-11-2025,1,2,2,1
L1563,Chennai MBC,Hot,30-10-2025,02-11-2025,04-11-2025,09-11-2025,No,Not Cancelled,05-12-2025,3,2,5,3
L1564,Mumbai MBC,Warm,10-10-2025,12-10-2025,15-10-2025,21-10-2025,No,Not Cancelled,19-11-2025,2,3,6,4
L1565,Mumbai MBC,Hot,08-10-2025,09-10-2025,11-10-2025,17-10-2025,No,Not Cancelled,08-11-2025,1,2,6,5
L1566,Delhi MBC,Hot,24-10-2025,29-10-2025,02-11-2025,04-11-2025,No,Not Cancelled,02-12-2025,5,4,2,3
L1567,Delhi MBC,Cold,03-10-2025,,,,Yes,Price,,,,,
L1568,Mumbai MBC,Warm,14-10-2025,17-10-2025,22-10-2025,26-10-2025,No,Not Cancelled,08-11-2025,3,5,4,9
L1569,Chennai MBC,Warm,04-10-2025,06-10-2025,08-10-2025,15-10-2025,No,Not Cancelled,25-10-2025,2,2,7,4
L1570,Delhi MBC,Hot,25-10-2025,26-10-2025,30-10-2025,06-11-2025,No,Not Cancelled,02-12-2025,1,4,7,9
L1571,Bangalore MBC,Warm,21-10-2025,24-10-2025,29-10-2025,05-11-2025,No,Not Cancelled,26-11-2025,3,5,7,2
L1572,Chennai MBC,Hot,23-10-2025,28-10-2025,31-10-2025,07-11-2025,No,Not Cancelled,04-12-2025,5,3,7,1
L1573,Delhi MBC,Hot,28-10-2025,31-10-2025,03-11-2025,06-11-2025,No,Not Cancelled,06-12-2025,3,3,3,7
L1574,Delhi MBC,Warm,04-10-2025,06-10-2025,10-10-2025,12-10-2025,No,Not Cancelled,10-11-2025,2,4,2,0
L1575,Bangalore MBC,Hot,15-10-2025,19-10-2025,23-10-2025,25-10-2025,No,Not Cancelled,23-11-2025,4,4,2,10
L1576,Bangalore MBC,Warm,06-10-2025,10-10-2025,14-10-2025,21-10-2025,No,Not Cancelled,09-11-2025,4,4,7,7
L1577,Mumbai MBC,Hot,23-10-2025,25-10-2025,27-10-2025,30-10-2025,No,Not Cancelled,18-11-2025,2,2,3,3
L1578,Chennai MBC,Hot,10-10-2025,12-10-2025,15-10-2025,22-10-2025,No,Not Cancelled,04-11-2025,2,3,7,6
L1579,Chennai MBC,Hot,29-10-2025,30-10-2025,01-11-2025,03-11-2025,No,Not Cancelled,28-11-2025,1,2,2,9
L1580,Mumbai MBC,Warm,01-10-2025,05-10-2025,07-10-2025,10-10-2025,No,Not Cancelled,22-10-2025,4,2,3,6
L1581,Chennai MBC,Warm,02-10-2025,03-10-2025,08-10-2025,13-10-2025,No,Not Cancelled,02-11-2025,1,5,5,3
L1582,Chennai MBC,Warm,11-10-2025,14-10-2025,18-10-2025,22-10-2025,No,Not Cancelled,09-11-2025,3,4,4,1
L1583,Chennai MBC,Warm,26-10-2025,28-10-2025,30-10-2025,05-11-2025,No,Not Cancelled,05-12-2025,2,2,6,5
L1584,Chennai MBC,Warm,02-10-2025,03-10-2025,08-10-2025,14-10-2025,Yes,Changed Mind,,1,5,6,
L1585,Chennai MBC,Hot,10-10-2025,12-10-2025,13-10-2025,20-10-2025,No,Not Cancelled,09-11-2025,2,1,7,5
L1586,Bangalore MBC,Warm,12-10-2025,13-10-2025,18-10-2025,22-10-2025,No,Not Cancelled,09-11-2025,1,5,4,8
L1587,Chennai MBC,Cold,12-10-2025,,,,Yes,Changed Mind,,,,,
L1588,Bangalore MBC,Warm,14-10-2025,17-10-2025,18-10-2025,21-10-2025,Yes,Price,,3,1,3,
L1589,Chennai MBC,Warm,05-10-2025,08-10-2025,09-10-2025,13-10-2025,No,Not Cancelled,31-10-2025,3,1,4,9
L1590,Mumbai MBC,Cold,08-10-2025,,,,Yes,Financing Issue,,,,,
L1591,Delhi MBC,Warm,17-10-2025,22-10-2025,23-10-2025,26-10-2025,No,Not Cancelled,25-11-2025,5,1,3,0
L1592,Bangalore MBC,Hot,14-10-2025,18-10-2025,19-10-2025,26-10-2025,Yes,Other,,4,1,7,
L1593,Chennai MBC,Warm,19-10-2025,24-10-2025,28-10-2025,01-11-2025,No,Not Cancelled,01-12-2025,5,4,4,7
L1594,Mumbai MBC,Warm,22-10-2025,26-10-2025,28-10-2025,04-11-2025,No,Not Cancelled,23-11-2025,4,2,7,2
L1595,Delhi MBC,Warm,26-10-2025,29-10-2025,31-10-2025,02-11-2025,No,Not Cancelled,18-11-2025,3,2,2,8
L1596,Bangalore MBC,Warm,06-10-2025,07-10-2025,08-10-2025,10-10-2025,Yes,Other,,1,1,2,
L1597,Delhi MBC,Warm,06-10-2025,08-10-2025,10-10-2025,14-10-2025,No,Not Cancelled,28-10-2025,2,2,4,3
L1598,Mumbai MBC,Warm,06-10-2025,09-10-2025,10-10-2025,15-10-2025,No,Not Cancelled,10-11-2025,3,1,5,1
L1599,Bangalore MBC,Warm,03-10-2025,06-10-2025,08-10-2025,12-10-2025,No,Not Cancelled,29-10-2025,3,2,4,4
L1600,Delhi MBC,Cold,20-10-2025,,,,Yes,Price,,,,,
L1601,Chennai MBC,Warm,28-10-2025,29-10-2025,03-11-2025,09-11-2025,No,Not Cancelled,20-11-2025,1,5,6,3
L1602,Bangalore MBC,Hot,13-10-2025,16-10-2025,20-10-2025,22-10-2025,No,Not Cancelled,20-11-2025,3,4,2,8
L1603,Delhi MBC,Warm,20-10-2025,23-10-2025,26-10-2025,30-10-2025,No,Not Cancelled,21-11-2025,3,3,4,6
L1604,Mumbai MBC,Hot,22-10-2025,23-10-2025,24-10-2025,31-10-2025,No,Not Cancelled,20-11-2025,1,1,7,9
L1605,Mumbai MBC,Warm,08-10-2025,11-10-2025,16-10-2025,22-10-2025,No,Not Cancelled,05-11-2025,3,5,6,3
L1606,Bangalore MBC,Warm,16-10-2025,20-10-2025,25-10-2025,01-11-2025,No,Not Cancelled,11-11-2025,4,5,7,2
L1607,Delhi MBC,Hot,30-10-2025,03-11-2025,07-11-2025,09-11-2025,No,Not Cancelled,09-12-2025,4,4,2,4
L1608,Bangalore MBC,Warm,19-10-2025,23-10-2025,27-10-2025,01-11-2025,No,Not Cancelled,26-11-2025,4,4,5,0
L1609,Bangalore MBC,Hot,05-10-2025,09-10-2025,10-10-2025,15-10-2025,No,Not Cancelled,03-11-2025,4,1,5,1
L1610,Delhi MBC,Hot,08-10-2025,11-10-2025,12-10-2025,18-10-2025,No,Not Cancelled,05-11-2025,3,1,6,1
L1611,Delhi MBC,Warm,15-10-2025,17-10-2025,22-10-2025,26-10-2025,No,Not Cancelled,18-11-2025,2,5,4,2
L1612,Chennai MBC,Warm,21-10-2025,25-10-2025,30-10-2025,01-11-2025,No,Not Cancelled,23-11-2025,4,5,2,8
L1613,Delhi MBC,Cold,09-10-2025,,,,Yes,Price,,,,,
L1614,Mumbai MBC,Warm,15-10-2025,19-10-2025,23-10-2025,28-10-2025,No,Not Cancelled,19-11-2025,4,4,5,6
L1615,Bangalore MBC,Warm,09-10-2025,12-10-2025,13-10-2025,19-10-2025,No,Not Cancelled,30-10-2025,3,1,6,6
L1616,Bangalore MBC,Warm,22-10-2025,27-10-2025,28-10-2025,31-10-2025,No,Not Cancelled,28-11-2025,5,1,3,3
L1617,Mumbai MBC,Hot,01-10-2025,04-10-2025,09-10-2025,13-10-2025,No,Not Cancelled,10-11-2025,3,5,4,4
L1618,Delhi MBC,Cold,29-10-2025,,,,Yes,Price,,,,,
L1619,Mumbai MBC,Warm,26-10-2025,27-10-2025,30-10-2025,02-11-2025,Yes,Financing Issue,,1,3,3,
L1620,Mumbai MBC,Warm,15-10-2025,19-10-2025,24-10-2025,28-10-2025,Yes,Changed Mind,,4,5,4,
L1621,Chennai MBC,Hot,29-10-2025,30-10-2025,02-11-2025,04-11-2025,No,Not Cancelled,20-11-2025,1,3,2,6
L1622,Mumbai MBC,Warm,10-10-2025,14-10-2025,15-10-2025,21-10-2025,No,Not Cancelled,10-11-2025,4,1,6,9
L1623,Bangalore MBC,Warm,22-10-2025,27-10-2025,01-11-2025,08-11-2025,No,Not Cancelled,25-11-2025,5,5,7,8
L1624,Mumbai MBC,Cold,18-10-2025,,,,Yes,Price,,,,,
L1625,Bangalore MBC,Hot,06-10-2025,08-10-2025,12-10-2025,19-10-2025,No,Not Cancelled,15-11-2025,2,4,7,0
L1626,Bangalore MBC,Warm,03-10-2025,08-10-2025,10-10-2025,12-10-2025,No,Not Cancelled,11-11-2025,5,2,2,1
L1627,Bangalore MBC,Cold,15-10-2025,,,,Yes,Price,,,,,
L1628,Delhi MBC,Warm,31-10-2025,03-11-2025,04-11-2025,07-11-2025,Yes,Model Unavailable,,3,1,3,
L1629,Chennai MBC,Warm,12-10-2025,15-10-2025,16-10-2025,23-10-2025,No,Not Cancelled,17-11-2025,3,1,7,3
L1630,Bangalore MBC,Hot,19-10-2025,20-10-2025,25-10-2025,31-10-2025,No,Not Cancelled,21-11-2025,1,5,6,1
L1631,Bangalore MBC,Cold,10-10-2025,,,,Yes,Financing Issue,,,,,
L1632,Delhi MBC,Hot,21-10-2025,22-10-2025,24-10-2025,26-10-2025,No,Not Cancelled,21-11-2025,1,2,2,9
L1633,Bangalore MBC,Warm,31-10-2025,03-11-2025,05-11-2025,07-11-2025,No,Not Cancelled,26-11-2025,3,2,2,3
L1634,Mumbai MBC,Warm,14-10-2025,17-10-2025,19-10-2025,21-10-2025,No,Not Cancelled,05-11-2025,3,2,2,5
L1635,Mumbai MBC,Hot,23-10-2025,26-10-2025,31-10-2025,03-11-2025,Yes,Price,,3,5,3,
L1636,Chennai MBC,Warm,09-10-2025,13-10-2025,18-10-2025,20-10-2025,No,Not Cancelled,16-11-2025,4,5,2,3
L1637,Bangalore MBC,Hot,15-10-2025,20-10-2025,23-10-2025,28-10-2025,No,Not Cancelled,12-11-2025,5,3,5,2
L1638,Delhi MBC,Hot,28-10-2025,01-11-2025,04-11-2025,08-11-2025,No,Not Cancelled,27-11-2025,4,3,4,1
L1639,Mumbai MBC,Warm,10-10-2025,12-10-2025,15-10-2025,20-10-2025,No,Not Cancelled,02-11-2025,2,3,5,8
L1640,Delhi MBC,Cold,07-10-2025,,,,Yes,Model Unavailable,,,,,
L1641,Delhi MBC,Warm,13-10-2025,17-10-2025,21-10-2025,24-10-2025,No,Not Cancelled,18-11-2025,4,4,3,9
L1642,Mumbai MBC,Warm,28-10-2025,31-10-2025,01-11-2025,04-11-2025,No,Not Cancelled,18-11-2025,3,1,3,4
L1643,Delhi MBC,Hot,16-10-2025,20-10-2025,23-10-2025,25-10-2025,No,Not Cancelled,12-11-2025,4,3,2,4
L1644,Mumbai MBC,Hot,04-10-2025,05-10-2025,09-10-2025,15-10-2025,No,Not Cancelled,11-11-2025,1,4,6,1
L1645,Delhi MBC,Hot,08-10-2025,11-10-2025,15-10-2025,22-10-2025,No,Not Cancelled,06-11-2025,3,4,7,0
L1646,Mumbai MBC,Hot,13-10-2025,18-10-2025,23-10-2025,30-10-2025,No,Not Cancelled,19-11-2025,5,5,7,6
L1647,Bangalore MBC,Warm,19-10-2025,23-10-2025,25-10-2025,01-11-2025,No,Not Cancelled,01-12-2025,4,2,7,5
L1648,Chennai MBC,Warm,12-10-2025,15-10-2025,17-10-2025,22-10-2025,No,Not Cancelled,03-11-2025,3,2,5,0
L1649,Mumbai MBC,Warm,19-10-2025,20-10-2025,23-10-2025,26-10-2025,Yes,Other,,1,3,3,
L1650,Mumbai MBC,Hot,10-10-2025,11-10-2025,12-10-2025,16-10-2025,Yes,Price,,1,1,4,
L1651,Chennai MBC,Warm,23-10-2025,27-10-2025,28-10-2025,31-10-2025,Yes,Price,,4,1,3,
L1652,Mumbai MBC,Cold,10-10-2025,,,,Yes,Model Unavailable,,,,,
L1653,Mumbai MBC,Hot,01-10-2025,04-10-2025,05-10-2025,10-10-2025,No,Not Cancelled,27-10-2025,3,1,5,3
L1654,Delhi MBC,Cold,27-10-2025,,,,Yes,Financing Issue,,,,,
L1655,Chennai MBC,Cold,22-10-2025,,,,Yes,Price,,,,,
L1656,Bangalore MBC,Hot,13-10-2025,18-10-2025,22-10-2025,29-10-2025,No,Not Cancelled,19-11-2025,5,4,7,2
L1657,Mumbai MBC,Warm,09-10-2025,11-10-2025,15-10-2025,19-10-2025,Yes,Other,,2,4,4,
L1658,Chennai MBC,Warm,01-10-2025,02-10-2025,06-10-2025,10-10-2025,Yes,Price,,1,4,4,
L1659,Delhi MBC,Warm,19-10-2025,21-10-2025,26-10-2025,28-10-2025,No,Not Cancelled,14-11-2025,2,5,2,2
L1660,Bangalore MBC,Warm,28-10-2025,02-11-2025,06-11-2025,12-11-2025,No,Not Cancelled,01-12-2025,5,4,6,1
L1661,Chennai MBC,Warm,22-10-2025,26-10-2025,27-10-2025,31-10-2025,No,Not Cancelled,23-11-2025,4,1,4,9
L1662,Bangalore MBC,Warm,25-10-2025,26-10-2025,27-10-2025,29-10-2025,No,Not Cancelled,18-11-2025,1,1,2,5
L1663,Bangalore MBC,Warm,24-10-2025,26-10-2025,28-10-2025,03-11-2025,No,Not Cancelled,24-11-2025,2,2,6,4
L1664,Bangalore MBC,Warm,02-10-2025,03-10-2025,04-10-2025,11-10-2025,No,Not Cancelled,29-10-2025,1,1,7,9
L1665,Mumbai MBC,Warm,30-10-2025,01-11-2025,05-11-2025,07-11-2025,No,Not Cancelled,05-12-2025,2,4,2,2
L1666,Mumbai MBC,Warm,20-10-2025,23-10-2025,27-10-2025,30-10-2025,No,Not Cancelled,18-11-2025,3,4,3,7
L1667,Delhi MBC,Warm,24-10-2025,27-10-2025,30-10-2025,02-11-2025,No,Not Cancelled,26-11-2025,3,3,3,0
L1668,Delhi MBC,Hot,16-10-2025,20-10-2025,25-10-2025,31-10-2025,No,Not Cancelled,13-11-2025,4,5,6,2
L1669,Chennai MBC,Hot,27-10-2025,01-11-2025,02-11-2025,04-11-2025,Yes,Other,,5,1,2,
L1670,Delhi MBC,Cold,29-10-2025,,,,Yes,Changed Mind,,,,,
L1671,Bangalore MBC,Warm,29-10-2025,30-10-2025,04-11-2025,09-11-2025,No,Not Cancelled,04-12-2025,1,5,5,0
L1672,Bangalore MBC,Hot,10-10-2025,15-10-2025,16-10-2025,18-10-2025,No,Not Cancelled,29-10-2025,5,1,2,6
L1673,Mumbai MBC,Hot,25-10-2025,27-10-2025,29-10-2025,03-11-2025,No,Not Cancelled,03-12-2025,2,2,5,10
L1674,Bangalore MBC,Hot,26-10-2025,30-10-2025,01-11-2025,05-11-2025,No,Not Cancelled,03-12-2025,4,2,4,8
L1675,Chennai MBC,Cold,08-10-2025,,,,Yes,Changed Mind,,,,,
L1676,Bangalore MBC,Warm,20-10-2025,23-10-2025,28-10-2025,01-11-2025,No,Not Cancelled,29-11-2025,3,5,4,10
L1677,Bangalore MBC,Cold,26-10-2025,,,,Yes,Other,,,,,
L1678,Chennai MBC,Warm,12-10-2025,15-10-2025,19-10-2025,23-10-2025,Yes,Financing Issue,,3,4,4,
L1679,Delhi MBC,Warm,08-10-2025,12-10-2025,15-10-2025,17-10-2025,No,Not Cancelled,15-11-2025,4,3,2,10
L1680,Delhi MBC,Warm,21-10-2025,22-10-2025,23-10-2025,29-10-2025,No,Not Cancelled,10-11-2025,1,1,6,2
L1681,Chennai MBC,Warm,07-10-2025,12-10-2025,13-10-2025,18-10-2025,No,Not Cancelled,12-11-2025,5,1,5,9
L1682,Mumbai MBC,Hot,20-10-2025,22-10-2025,25-10-2025,27-10-2025,No,Not Cancelled,12-11-2025,2,3,2,8
L1683,Bangalore MBC,Cold,09-10-2025,,,,Yes,Price,,,,,
L1684,Chennai MBC,Cold,22-10-2025,,,,Yes,Price,,,,,
L1685,Bangalore MBC,Warm,25-10-2025,30-10-2025,04-11-2025,08-11-2025,No,Not Cancelled,04-12-2025,5,5,4,5
L1686,Mumbai MBC,Cold,24-10-2025,,,,Yes,Changed Mind,,,,,
L1687,Bangalore MBC,Cold,25-10-2025,,,,Yes,Other,,,,,
L1688,Chennai MBC,Warm,22-10-2025,25-10-2025,30-10-2025,02-11-2025,No,Not Cancelled,15-11-2025,3,5,3,5
L1689,Bangalore MBC,Hot,22-10-2025,26-10-2025,27-10-2025,31-10-2025,No,Not Cancelled,22-11-2025,4,1,4,2
L1690,Delhi MBC,Warm,27-10-2025,30-10-2025,01-11-2025,07-11-2025,No,Not Cancelled,03-12-2025,3,2,6,7
L1691,Mumbai MBC,Warm,05-10-2025,08-10-2025,11-10-2025,15-10-2025,No,Not Cancelled,03-11-2025,3,3,4,3
L1692,Mumbai MBC,Hot,21-10-2025,23-10-2025,24-10-2025,31-10-2025,No,Not Cancelled,23-11-2025,2,1,7,8
L1693,Mumbai MBC,Hot,04-10-2025,05-10-2025,07-10-2025,13-10-2025,No,Not Cancelled,24-10-2025,1,2,6,7
L1694,Chennai MBC,Warm,29-10-2025,30-10-2025,04-11-2025,07-11-2025,No,Not Cancelled,21-11-2025,1,5,3,2
L1695,Mumbai MBC,Hot,21-10-2025,23-10-2025,25-10-2025,30-10-2025,No,Not Cancelled,13-11-2025,2,2,5,2
L1696,Delhi MBC,Warm,21-10-2025,25-10-2025,29-10-2025,02-11-2025,No,Not Cancelled,18-11-2025,4,4,4,9
L1697,Chennai MBC,Cold,02-10-2025,,,,Yes,Price,,,,,
L1698,Delhi MBC,Cold,10-10-2025,,,,Yes,Price,,,,,
L1699,Bangalore MBC,Hot,26-10-2025,31-10-2025,01-11-2025,07-11-2025,No,Not Cancelled,27-11-2025,5,1,6,7
L1700,Bangalore MBC,Cold,15-10-2025,,,,Yes,Financing Issue,,,,,
L1701,Bangalore MBC,Hot,02-10-2025,06-10-2025,09-10-2025,14-10-2025,No,Not Cancelled,06-11-2025,4,3,5,9
L1702,Bangalore MBC,Hot,19-10-2025,24-10-2025,26-10-2025,29-10-2025,Yes,Model Unavailable,,5,2,3,
L1703,Delhi MBC,Warm,12-10-2025,13-10-2025,18-10-2025,25-10-2025,No,Not Cancelled,22-11-2025,1,5,7,2
L1704,Chennai MBC,Warm,24-10-2025,27-10-2025,29-10-2025,04-11-2025,No,Not Cancelled,28-11-2025,3,2,6,9
L1705,Chennai MBC,Warm,05-10-2025,08-10-2025,13-10-2025,16-10-2025,No,Not Cancelled,30-10-2025,3,5,3,2
L1706,Mumbai MBC,Warm,03-10-2025,07-10-2025,11-10-2025,14-10-2025,No,Not Cancelled,03-11-2025,4,4,3,6
L1707,Delhi MBC,Hot,30-10-2025,01-11-2025,06-11-2025,08-11-2025,Yes,Changed Mind,,2,5,2,
L1708,Bangalore MBC,Hot,10-10-2025,15-10-2025,18-10-2025,23-10-2025,No,Not Cancelled,07-11-2025,5,3,5,2
L1709,Delhi MBC,Warm,11-10-2025,14-10-2025,18-10-2025,20-10-2025,No,Not Cancelled,01-11-2025,3,4,2,6
L1710,Mumbai MBC,Warm,24-10-2025,28-10-2025,30-10-2025,02-11-2025,No,Not Cancelled,27-11-2025,4,2,3,8
L1711,Mumbai MBC,Warm,14-10-2025,16-10-2025,17-10-2025,23-10-2025,No,Not Cancelled,12-11-2025,2,1,6,2
L1712,Delhi MBC,Hot,06-10-2025,07-10-2025,12-10-2025,16-10-2025,No,Not Cancelled,15-11-2025,1,5,4,5
L1713,Delhi MBC,Warm,07-10-2025,09-10-2025,12-10-2025,19-10-2025,No,Not Cancelled,03-11-2025,2,3,7,8
L1714,Delhi MBC,Hot,05-10-2025,06-10-2025,07-10-2025,14-10-2025,No,Not Cancelled,03-11-2025,1,1,7,7
L1715,Chennai MBC,Hot,26-10-2025,30-10-2025,31-10-2025,02-11-2025,No,Not Cancelled,02-12-2025,4,1,2,7
L1716,Bangalore MBC,Warm,18-10-2025,20-10-2025,24-10-2025,28-10-2025,No,Not Cancelled,08-11-2025,2,4,4,9
L1717,Delhi MBC,Hot,29-10-2025,02-11-2025,04-11-2025,06-11-2025,No,Not Cancelled,16-11-2025,4,2,2,7
L1718,Delhi MBC,Hot,12-10-2025,13-10-2025,14-10-2025,21-10-2025,No,Not Cancelled,14-11-2025,1,1,7,2
L1719,Delhi MBC,Warm,17-10-2025,20-10-2025,23-10-2025,28-10-2025,No,Not Cancelled,15-11-2025,3,3,5,7
L1720,Mumbai MBC,Warm,17-10-2025,20-10-2025,25-10-2025,01-11-2025,No,Not Cancelled,17-11-2025,3,5,7,4
L1721,Mumbai MBC,Warm,30-10-2025,31-10-2025,05-11-2025,12-11-2025,No,Not Cancelled,27-11-2025,1,5,7,6
L1722,Chennai MBC,Hot,09-10-2025,14-10-2025,19-10-2025,23-10-2025,No,Not Cancelled,20-11-2025,5,5,4,3
L1723,Bangalore MBC,Hot,27-10-2025,01-11-2025,05-11-2025,07-11-2025,No,Not Cancelled,22-11-2025,5,4,2,4
L1724,Chennai MBC,Hot,06-10-2025,09-10-2025,12-10-2025,15-10-2025,No,Not Cancelled,09-11-2025,3,3,3,10
L1725,Bangalore MBC,Hot,09-10-2025,12-10-2025,13-10-2025,19-10-2025,No,Not Cancelled,31-10-2025,3,1,6,8
L1726,Mumbai MBC,Warm,30-10-2025,01-11-2025,04-11-2025,07-11-2025,No,Not Cancelled,21-11-2025,2,3,3,10
L1727,Mumbai MBC,Cold,27-10-2025,,,,Yes,Changed Mind,,,,,
L1728,Mumbai MBC,Warm,31-10-2025,02-11-2025,06-11-2025,11-11-2025,No,Not Cancelled,10-12-2025,2,4,5,3
L1729,Chennai MBC,Warm,16-10-2025,19-10-2025,23-10-2025,28-10-2025,No,Not Cancelled,20-11-2025,3,4,5,9
L1730,Delhi MBC,Warm,31-10-2025,05-11-2025,07-11-2025,09-11-2025,No,Not Cancelled,09-12-2025,5,2,2,1
L1731,Delhi MBC,Warm,26-10-2025,28-10-2025,31-10-2025,03-11-2025,No,Not Cancelled,26-11-2025,2,3,3,8
L1732,Mumbai MBC,Warm,10-10-2025,11-10-2025,16-10-2025,23-10-2025,No,Not Cancelled,14-11-2025,1,5,7,6
L1733,Delhi MBC,Warm,24-10-2025,26-10-2025,30-10-2025,03-11-2025,No,Not Cancelled,26-11-2025,2,4,4,4
L1734,Delhi MBC,Warm,28-10-2025,30-10-2025,03-11-2025,05-11-2025,No,Not Cancelled,30-11-2025,2,4,2,4
L1735,Chennai MBC,Hot,11-10-2025,13-10-2025,15-10-2025,17-10-2025,No,Not Cancelled,08-11-2025,2,2,2,9
L1736,Bangalore MBC,Warm,26-10-2025,30-10-2025,04-11-2025,07-11-2025,No,Not Cancelled,17-11-2025,4,5,3,0
L1737,Mumbai MBC,Cold,04-10-2025,,,,Yes,Model Unavailable,,,,,
L1738,Mumbai MBC,Hot,15-10-2025,16-10-2025,20-10-2025,26-10-2025,No,Not Cancelled,06-11-2025,1,4,6,7
L1739,Chennai MBC,Hot,31-10-2025,03-11-2025,04-11-2025,09-11-2025,No,Not Cancelled,06-12-2025,3,1,5,7
L1740,Chennai MBC,Warm,03-10-2025,08-10-2025,13-10-2025,20-10-2025,No,Not Cancelled,05-11-2025,5,5,7,1
L1741,Delhi MBC,Warm,05-10-2025,10-10-2025,13-10-2025,17-10-2025,No,Not Cancelled,07-11-2025,5,3,4,2
L1742,Mumbai MBC,Warm,25-10-2025,28-10-2025,30-10-2025,04-11-2025,No,Not Cancelled,14-11-2025,3,2,5,2
L1743,Bangalore MBC,Warm,31-10-2025,04-11-2025,05-11-2025,12-11-2025,No,Not Cancelled,02-12-2025,4,1,7,1
L1744,Chennai MBC,Hot,08-10-2025,13-10-2025,14-10-2025,16-10-2025,No,Not Cancelled,11-11-2025,5,1,2,5
L1745,Bangalore MBC,Warm,28-10-2025,30-10-2025,02-11-2025,08-11-2025,No,Not Cancelled,24-11-2025,2,3,6,9
L1746,Bangalore MBC,Warm,22-10-2025,27-10-2025,29-10-2025,31-10-2025,Yes,Price,,5,2,2,
L1747,Mumbai MBC,Cold,24-10-2025,,,,Yes,Financing Issue,,,,,
L1748,Mumbai MBC,Warm,22-10-2025,23-10-2025,27-10-2025,02-11-2025,No,Not Cancelled,12-11-2025,1,4,6,7
L1749,Chennai MBC,Hot,13-10-2025,14-10-2025,16-10-2025,19-10-2025,No,Not Cancelled,29-10-2025,1,2,3,0
L1750,Mumbai MBC,Hot,31-10-2025,03-11-2025,07-11-2025,14-11-2025,No,Not Cancelled,14-12-2025,3,4,7,7
L1751,Mumbai MBC,Hot,28-10-2025,01-11-2025,04-11-2025,09-11-2025,No,Not Cancelled,26-11-2025,4,3,5,4
L1752,Mumbai MBC,Warm,26-10-2025,30-10-2025,02-11-2025,04-11-2025,No,Not Cancelled,21-11-2025,4,3,2,4
L1753,Bangalore MBC,Hot,18-10-2025,23-10-2025,24-10-2025,30-10-2025,No,Not Cancelled,20-11-2025,5,1,6,9
L1754,Chennai MBC,Warm,12-10-2025,16-10-2025,17-10-2025,23-10-2025,No,Not Cancelled,11-11-2025,4,1,6,6
L1755,Delhi MBC,Warm,03-10-2025,07-10-2025,08-10-2025,10-10-2025,No,Not Cancelled,24-10-2025,4,1,2,5
L1756,Bangalore MBC,Hot,26-10-2025,31-10-2025,03-11-2025,08-11-2025,No,Not Cancelled,21-11-2025,5,3,5,7
L1757,Mumbai MBC,Hot,13-10-2025,14-10-2025,18-10-2025,25-10-2025,No,Not Cancelled,16-11-2025,1,4,7,6
L1758,Bangalore MBC,Hot,01-10-2025,03-10-2025,06-10-2025,09-10-2025,No,Not Cancelled,04-11-2025,2,3,3,6
L1759,Mumbai MBC,Cold,09-10-2025,,,,Yes,Financing Issue,,,,,
L1760,Mumbai MBC,Hot,18-10-2025,21-10-2025,24-10-2025,27-10-2025,No,Not Cancelled,24-11-2025,3,3,3,2
L1761,Bangalore MBC,Warm,04-10-2025,05-10-2025,06-10-2025,10-10-2025,No,Not Cancelled,29-10-2025,1,1,4,8
L1762,Chennai MBC,Cold,15-10-2025,,,,Yes,Changed Mind,,,,,
L1763,Mumbai MBC,Warm,12-10-2025,16-10-2025,18-10-2025,22-10-2025,Yes,Financing Issue,,4,2,4,
L1764,Chennai MBC,Cold,22-10-2025,,,,Yes,Model Unavailable,,,,,
L1765,Delhi MBC,Warm,24-10-2025,28-10-2025,29-10-2025,02-11-2025,No,Not Cancelled,17-11-2025,4,1,4,1
L1766,Mumbai MBC,Cold,22-10-2025,,,,Yes,Price,,,,,
L1767,Chennai MBC,Hot,09-10-2025,14-10-2025,16-10-2025,21-10-2025,No,Not Cancelled,02-11-2025,5,2,5,0
L1768,Chennai MBC,Hot,19-10-2025,22-10-2025,26-10-2025,02-11-2025,No,Not Cancelled,13-11-2025,3,4,7,4
L1769,Delhi MBC,Warm,13-10-2025,15-10-2025,19-10-2025,26-10-2025,No,Not Cancelled,14-11-2025,2,4,7,0
L1770,Chennai MBC,Cold,27-10-2025,,,,Yes,Model Unavailable,,,,,
L1771,Chennai MBC,Cold,21-10-2025,,,,Yes,Other,,,,,
L1772,Delhi MBC,Hot,31-10-2025,05-11-2025,10-11-2025,14-11-2025,No,Not Cancelled,03-12-2025,5,5,4,4
L1773,Mumbai MBC,Hot,12-10-2025,17-10-2025,22-10-2025,26-10-2025,No,Not Cancelled,19-11-2025,5,5,4,1
L1774,Chennai MBC,Cold,04-10-2025,,,,Yes,Changed Mind,,,,,
L1775,Chennai MBC,Hot,22-10-2025,24-10-2025,29-10-2025,03-11-2025,No,Not Cancelled,29-11-2025,2,5,5,10
L1776,Chennai MBC,Warm,08-10-2025,10-10-2025,14-10-2025,18-10-2025,No,Not Cancelled,16-11-2025,2,4,4,1
L1777,Bangalore MBC,Cold,16-10-2025,,,,Yes,Financing Issue,,,,,
L1778,Delhi MBC,Warm,01-10-2025,05-10-2025,06-10-2025,09-10-2025,No,Not Cancelled,04-11-2025,4,1,3,3
L1779,Bangalore MBC,Warm,20-10-2025,25-10-2025,26-10-2025,28-10-2025,No,Not Cancelled,17-11-2025,5,1,2,2
L1780,Delhi MBC,Warm,29-10-2025,30-10-2025,31-10-2025,03-11-2025,No,Not Cancelled,26-11-2025,1,1,3,2
L1781,Mumbai MBC,Hot,31-10-2025,01-11-2025,04-11-2025,07-11-2025,No,Not Cancelled,21-11-2025,1,3,3,4
L1782,Mumbai MBC,Cold,18-10-2025,,,,Yes,Other,,,,,
L1783,Chennai MBC,Warm,11-10-2025,16-10-2025,21-10-2025,27-10-2025,No,Not Cancelled,16-11-2025,5,5,6,9
L1784,Delhi MBC,Cold,30-10-2025,,,,Yes,Financing Issue,,,,,
L1785,Mumbai MBC,Hot,20-10-2025,22-10-2025,23-10-2025,25-10-2025,No,Not Cancelled,19-11-2025,2,1,2,7
L1786,Delhi MBC,Cold,08-10-2025,,,,Yes,Price,,,,,
L1787,Mumbai MBC,Warm,21-10-2025,24-10-2025,29-10-2025,01-11-2025,No,Not Cancelled,22-11-2025,3,5,3,3
L1788,Bangalore MBC,Hot,03-10-2025,05-10-2025,10-10-2025,12-10-2025,No,Not Cancelled,28-10-2025,2,5,2,3
L1789,Mumbai MBC,Hot,21-10-2025,23-10-2025,26-10-2025,29-10-2025,No,Not Cancelled,13-11-2025,2,3,3,3
L1790,Bangalore MBC,Warm,27-10-2025,30-10-2025,03-11-2025,08-11-2025,No,Not Cancelled,30-11-2025,3,4,5,5
L1791,Mumbai MBC,Warm,15-10-2025,17-10-2025,18-10-2025,23-10-2025,No,Not Cancelled,02-11-2025,2,1,5,8
L1792,Chennai MBC,Cold,30-10-2025,,,,Yes,Price,,,,,
L1793,Bangalore MBC,Hot,23-10-2025,26-10-2025,29-10-2025,02-11-2025,No,Not Cancelled,19-11-2025,3,3,4,1
L1794,Mumbai MBC,Hot,10-10-2025,15-10-2025,19-10-2025,24-10-2025,No,Not Cancelled,10-11-2025,5,4,5,10
L1795,Chennai MBC,Warm,21-10-2025,24-10-2025,28-10-2025,30-10-2025,No,Not Cancelled,13-11-2025,3,4,2,4
L1796,Bangalore MBC,Warm,14-10-2025,15-10-2025,16-10-2025,22-10-2025,No,Not Cancelled,07-11-2025,1,1,6,8
L1797,Chennai MBC,Warm,04-10-2025,07-10-2025,12-10-2025,16-10-2025,No,Not Cancelled,26-10-2025,3,5,4,7
L1798,Delhi MBC,Cold,05-10-2025,,,,Yes,Price,,,,,
L1799,Delhi MBC,Cold,02-10-2025,,,,Yes,Financing Issue,,,,,
L1800,Bangalore MBC,Cold,31-10-2025,,,,Yes,Other,,,,,
L1801,Mumbai MBC,Warm,02-10-2025,04-10-2025,06-10-2025,09-10-2025,Yes,Price,,2,2,3,
L1802,Bangalore MBC,Warm,10-10-2025,15-10-2025,20-10-2025,25-10-2025,No,Not Cancelled,22-11-2025,5,5,5,10
L1803,Chennai MBC,Warm,16-10-2025,19-10-2025,24-10-2025,28-10-2025,No,Not Cancelled,23-11-2025,3,5,4,1
L1804,Mumbai MBC,Warm,04-10-2025,06-10-2025,08-10-2025,13-10-2025,No,Not Cancelled,28-10-2025,2,2,5,9
L1805,Delhi MBC,Cold,04-10-2025,,,,Yes,Other,,,,,
L1806,Mumbai MBC,Hot,08-10-2025,11-10-2025,15-10-2025,19-10-2025,No,Not Cancelled,01-11-2025,3,4,4,3
L1807,Delhi MBC,Warm,29-10-2025,03-11-2025,05-11-2025,07-11-2025,No,Not Cancelled,28-11-2025,5,2,2,2
L1808,Mumbai MBC,Hot,18-10-2025,23-10-2025,25-10-2025,27-10-2025,No,Not Cancelled,26-11-2025,5,2,2,5
L1809,Mumbai MBC,Warm,05-10-2025,06-10-2025,09-10-2025,12-10-2025,No,Not Cancelled,23-10-2025,1,3,3,1
L1810,Mumbai MBC,Cold,13-10-2025,,,,Yes,Financing Issue,,,,,
L1811,Chennai MBC,Warm,15-10-2025,20-10-2025,23-10-2025,30-10-2025,No,Not Cancelled,21-11-2025,5,3,7,7
L1812,Chennai MBC,Hot,12-10-2025,14-10-2025,17-10-2025,21-10-2025,No,Not Cancelled,20-11-2025,2,3,4,3
L1813,Bangalore MBC,Cold,22-10-2025,,,,Yes,Other,,,,,
L1814,Bangalore MBC,Warm,31-10-2025,05-11-2025,09-11-2025,16-11-2025,No,Not Cancelled,04-12-2025,5,4,7,2
L1815,Delhi MBC,Hot,24-10-2025,29-10-2025,31-10-2025,07-11-2025,No,Not Cancelled,04-12-2025,5,2,7,5
L1816,Chennai MBC,Hot,23-10-2025,25-10-2025,26-10-2025,01-11-2025,Yes,Financing Issue,,2,1,6,
L1817,Delhi MBC,Hot,31-10-2025,02-11-2025,04-11-2025,06-11-2025,No,Not Cancelled,05-12-2025,2,2,2,8
L1818,Bangalore MBC,Hot,18-10-2025,23-10-2025,27-10-2025,30-10-2025,No,Not Cancelled,10-11-2025,5,4,3,8
L1819,Delhi MBC,Cold,14-10-2025,,,,Yes,Financing Issue,,,,,
L1820,Bangalore MBC,Warm,19-10-2025,24-10-2025,27-10-2025,31-10-2025,No,Not Cancelled,29-11-2025,5,3,4,2
L1821,Chennai MBC,Cold,24-10-2025,,,,Yes,Changed Mind,,,,,
L1822,Mumbai MBC,Warm,24-10-2025,27-10-2025,31-10-2025,03-11-2025,No,Not Cancelled,14-11-2025,3,4,3,3
L1823,Chennai MBC,Hot,05-10-2025,10-10-2025,13-10-2025,15-10-2025,No,Not Cancelled,28-10-2025,5,3,2,4
L1824,Delhi MBC,Warm,29-10-2025,30-10-2025,03-11-2025,10-11-2025,Yes,Financing Issue,,1,4,7,
L1825,Delhi MBC,Hot,14-10-2025,15-10-2025,16-10-2025,19-10-2025,No,Not Cancelled,18-11-2025,1,1,3,3
L1826,Chennai MBC,Warm,21-10-2025,22-10-2025,25-10-2025,29-10-2025,No,Not Cancelled,08-11-2025,1,3,4,6
L1827,Chennai MBC,Cold,04-10-2025,,,,Yes,Financing Issue,,,,,
L1828,Bangalore MBC,Warm,27-10-2025,28-10-2025,31-10-2025,05-11-2025,No,Not Cancelled,16-11-2025,1,3,5,2
L1829,Delhi MBC,Warm,16-10-2025,21-10-2025,23-10-2025,29-10-2025,Yes,Model Unavailable,,5,2,6,
L1830,Delhi MBC,Hot,20-10-2025,23-10-2025,27-10-2025,29-10-2025,Yes,Price,,3,4,2,
L1831,Chennai MBC,Hot,14-10-2025,16-10-2025,21-10-2025,28-10-2025,No,Not Cancelled,10-11-2025,2,5,7,9
L1832,Mumbai MBC,Hot,31-10-2025,05-11-2025,10-11-2025,14-11-2025,No,Not Cancelled,07-12-2025,5,5,4,9
L1833,Delhi MBC,Warm,31-10-2025,04-11-2025,06-11-2025,10-11-2025,No,Not Cancelled,04-12-2025,4,2,4,6
L1834,Mumbai MBC,Hot,09-10-2025,14-10-2025,18-10-2025,21-10-2025,No,Not Cancelled,12-11-2025,5,4,3,8
L1835,Chennai MBC,Warm,02-10-2025,03-10-2025,04-10-2025,06-10-2025,Yes,Changed Mind,,1,1,2,
L1836,Chennai MBC,Warm,23-10-2025,27-10-2025,29-10-2025,03-11-2025,No,Not Cancelled,16-11-2025,4,2,5,2
L1837,Bangalore MBC,Warm,12-10-2025,17-10-2025,20-10-2025,25-10-2025,No,Not Cancelled,21-11-2025,5,3,5,6
L1838,Delhi MBC,Hot,07-10-2025,10-10-2025,11-10-2025,17-10-2025,No,Not Cancelled,04-11-2025,3,1,6,6
L1839,Mumbai MBC,Hot,15-10-2025,18-10-2025,22-10-2025,29-10-2025,No,Not Cancelled,23-11-2025,3,4,7,9
L1840,Bangalore MBC,Cold,15-10-2025,,,,Yes,Changed Mind,,,,,
L1841,Delhi MBC,Warm,31-10-2025,04-11-2025,07-11-2025,13-11-2025,No,Not Cancelled,27-11-2025,4,3,6,9
L1842,Bangalore MBC,Warm,08-10-2025,10-10-2025,15-10-2025,18-10-2025,No,Not Cancelled,03-11-2025,2,5,3,0
L1843,Chennai MBC,Hot,28-10-2025,01-11-2025,05-11-2025,07-11-2025,Yes,Changed Mind,,4,4,2,
L1844,Delhi MBC,Cold,12-10-2025,,,,Yes,Model Unavailable,,,,,
L1845,Bangalore MBC,Warm,04-10-2025,07-10-2025,10-10-2025,15-10-2025,No,Not Cancelled,14-11-2025,3,3,5,7
L1846,Bangalore MBC,Warm,22-10-2025,26-10-2025,30-10-2025,01-11-2025,No,Not Cancelled,11-11-2025,4,4,2,3
L1847,Mumbai MBC,Cold,12-10-2025,,,,Yes,Financing Issue,,,,,
L1848,Bangalore MBC,Hot,18-10-2025,19-10-2025,22-10-2025,25-10-2025,No,Not Cancelled,13-11-2025,1,3,3,5
L1849,Delhi MBC,Warm,29-10-2025,30-10-2025,03-11-2025,05-11-2025,No,Not Cancelled,28-11-2025,1,4,2,6
L1850,Delhi MBC,Warm,21-10-2025,23-10-2025,28-10-2025,30-10-2025,No,Not Cancelled,12-11-2025,2,5,2,4
L1851,Mumbai MBC,Hot,12-10-2025,16-10-2025,18-10-2025,20-10-2025,No,Not Cancelled,15-11-2025,4,2,2,9
L1852,Delhi MBC,Cold,02-10-2025,,,,Yes,Price,,,,,
L1853,Chennai MBC,Warm,13-10-2025,17-10-2025,20-10-2025,23-10-2025,Yes,Other,,4,3,3,
L1854,Delhi MBC,Warm,09-10-2025,13-10-2025,16-10-2025,19-10-2025,No,Not Cancelled,06-11-2025,4,3,3,2
L1855,Delhi MBC,Hot,07-10-2025,11-10-2025,16-10-2025,19-10-2025,No,Not Cancelled,17-11-2025,4,5,3,7
L1856,Bangalore MBC,Hot,31-10-2025,02-11-2025,04-11-2025,09-11-2025,No,Not Cancelled,08-12-2025,2,2,5,1
L1857,Bangalore MBC,Warm,04-10-2025,07-10-2025,11-10-2025,15-10-2025,No,Not Cancelled,29-10-2025,3,4,4,3
L1858,Delhi MBC,Warm,31-10-2025,05-11-2025,08-11-2025,15-11-2025,No,Not Cancelled,08-12-2025,5,3,7,7
L1859,Mumbai MBC,Hot,28-10-2025,30-10-2025,01-11-2025,08-11-2025,No,Not Cancelled,21-11-2025,2,2,7,4
L1860,Bangalore MBC,Warm,27-10-2025,30-10-2025,03-11-2025,10-11-2025,No,Not Cancelled,06-12-2025,3,4,7,2
L1861,Mumbai MBC,Warm,15-10-2025,18-10-2025,21-10-2025,23-10-2025,No,Not Cancelled,21-11-2025,3,3,2,5
L1862,Delhi MBC,Hot,03-10-2025,06-10-2025,09-10-2025,15-10-2025,Yes,Financing Issue,,3,3,6,
L1863,Delhi MBC,Warm,22-10-2025,26-10-2025,30-10-2025,05-11-2025,No,Not Cancelled,18-11-2025,4,4,6,9
L1864,Chennai MBC,Hot,07-10-2025,09-10-2025,14-10-2025,18-10-2025,No,Not Cancelled,06-11-2025,2,5,4,4
L1865,Bangalore MBC,Cold,21-10-2025,,,,Yes,Model Unavailable,,,,,
L1866,Delhi MBC,Warm,21-10-2025,24-10-2025,26-10-2025,28-10-2025,No,Not Cancelled,10-11-2025,3,2,2,9
L1867,Chennai MBC,Hot,20-10-2025,25-10-2025,28-10-2025,30-10-2025,No,Not Cancelled,12-11-2025,5,3,2,9
L1868,Bangalore MBC,Warm,01-10-2025,06-10-2025,10-10-2025,12-10-2025,No,Not Cancelled,06-11-2025,5,4,2,5
L1869,Delhi MBC,Warm,02-10-2025,03-10-2025,06-10-2025,09-10-2025,No,Not Cancelled,25-10-2025,1,3,3,1
L1870,Delhi MBC,Warm,26-10-2025,29-10-2025,02-11-2025,09-11-2025,No,Not Cancelled,08-12-2025,3,4,7,8
L1871,Bangalore MBC,Warm,11-10-2025,13-10-2025,16-10-2025,21-10-2025,No,Not Cancelled,06-11-2025,2,3,5,7
L1872,Bangalore MBC,Warm,08-10-2025,12-10-2025,13-10-2025,16-10-2025,No,Not Cancelled,03-11-2025,4,1,3,5
L1873,Bangalore MBC,Hot,05-10-2025,06-10-2025,11-10-2025,13-10-2025,No,Not Cancelled,08-11-2025,1,5,2,4
L1874,Delhi MBC,Hot,26-10-2025,29-10-2025,31-10-2025,04-11-2025,No,Not Cancelled,20-11-2025,3,2,4,3
L1875,Delhi MBC,Hot,19-10-2025,23-10-2025,28-10-2025,30-10-2025,No,Not Cancelled,20-11-2025,4,5,2,6
L1876,Chennai MBC,Warm,07-10-2025,09-10-2025,14-10-2025,16-10-2025,No,Not Cancelled,08-11-2025,2,5,2,2
L1877,Mumbai MBC,Cold,03-10-2025,,,,Yes,Financing Issue,,,,,
L1878,Bangalore MBC,Warm,27-10-2025,29-10-2025,31-10-2025,05-11-2025,No,Not Cancelled,24-11-2025,2,2,5,4
L1879,Delhi MBC,Hot,25-10-2025,26-10-2025,31-10-2025,02-11-2025,No,Not Cancelled,17-11-2025,1,5,2,4
L1880,Delhi MBC,Warm,18-10-2025,19-10-2025,20-10-2025,23-10-2025,No,Not Cancelled,03-11-2025,1,1,3,2
L1881,Bangalore MBC,Cold,07-10-2025,,,,Yes,Financing Issue,,,,,
L1882,Mumbai MBC,Warm,19-10-2025,22-10-2025,26-10-2025,01-11-2025,No,Not Cancelled,28-11-2025,3,4,6,4
L1883,Bangalore MBC,Cold,07-10-2025,,,,Yes,Model Unavailable,,,,,
L1884,Mumbai MBC,Hot,27-10-2025,31-10-2025,02-11-2025,07-11-2025,No,Not Cancelled,02-12-2025,4,2,5,7
L1885,Delhi MBC,Hot,28-10-2025,02-11-2025,06-11-2025,13-11-2025,No,Not Cancelled,29-11-2025,5,4,7,3
L1886,Mumbai MBC,Cold,08-10-2025,,,,Yes,Changed Mind,,,,,
L1887,Chennai MBC,Warm,11-10-2025,15-10-2025,18-10-2025,23-10-2025,No,Not Cancelled,17-11-2025,4,3,5,7
L1888,Delhi MBC,Warm,25-10-2025,27-10-2025,28-10-2025,02-11-2025,No,Not Cancelled,22-11-2025,2,1,5,9
L1889,Chennai MBC,Warm,05-10-2025,07-10-2025,11-10-2025,13-10-2025,No,Not Cancelled,30-10-2025,2,4,2,4
L1890,Bangalore MBC,Cold,26-10-2025,,,,Yes,Changed Mind,,,,,
L1891,Bangalore MBC,Warm,29-10-2025,01-11-2025,05-11-2025,10-11-2025,No,Not Cancelled,20-11-2025,3,4,5,7
L1892,Bangalore MBC,Warm,20-10-2025,25-10-2025,27-10-2025,03-11-2025,No,Not Cancelled,13-11-2025,5,2,7,7
L1893,Mumbai MBC,Warm,01-10-2025,04-10-2025,07-10-2025,12-10-2025,No,Not Cancelled,24-10-2025,3,3,5,7
L1894,Delhi MBC,Warm,09-10-2025,11-10-2025,13-10-2025,16-10-2025,No,Not Cancelled,29-10-2025,2,2,3,1
L1895,Bangalore MBC,Warm,28-10-2025,30-10-2025,02-11-2025,06-11-2025,Yes,Price,,2,3,4,
L1896,Bangalore MBC,Cold,05-10-2025,,,,Yes,Price,,,,,
L1897,Delhi MBC,Cold,05-10-2025,,,,Yes,Changed Mind,,,,,
L1898,Bangalore MBC,Cold,18-10-2025,,,,Yes,Other,,,,,
L1899,Chennai MBC,Hot,09-10-2025,13-10-2025,15-10-2025,18-10-2025,No,Not Cancelled,15-11-2025,4,2,3,9
L1900,Delhi MBC,Warm,26-10-2025,31-10-2025,04-11-2025,07-11-2025,No,Not Cancelled,02-12-2025,5,4,3,10
L1901,Delhi MBC,Warm,06-10-2025,10-10-2025,14-10-2025,18-10-2025,No,Not Cancelled,01-11-2025,4,4,4,0
L1902,Delhi MBC,Warm,04-10-2025,08-10-2025,09-10-2025,13-10-2025,No,Not Cancelled,25-10-2025,4,1,4,5
L1903,Chennai MBC,Warm,22-10-2025,25-10-2025,29-10-2025,03-11-2025,No,Not Cancelled,29-11-2025,3,4,5,9
L1904,Delhi MBC,Cold,28-10-2025,,,,Yes,Financing Issue,,,,,
L1905,Chennai MBC,Warm,01-10-2025,05-10-2025,10-10-2025,13-10-2025,No,Not Cancelled,25-10-2025,4,5,3,7
L1906,Delhi MBC,Warm,05-10-2025,06-10-2025,10-10-2025,12-10-2025,No,Not Cancelled,25-10-2025,1,4,2,4
L1907,Mumbai MBC,Hot,01-10-2025,02-10-2025,07-10-2025,13-10-2025,No,Not Cancelled,31-10-2025,1,5,6,2
L1908,Bangalore MBC,Warm,12-10-2025,16-10-2025,20-10-2025,26-10-2025,No,Not Cancelled,25-11-2025,4,4,6,8
L1909,Mumbai MBC,Warm,26-10-2025,31-10-2025,05-11-2025,11-11-2025,No,Not Cancelled,28-11-2025,5,5,6,2
L1910,Bangalore MBC,Warm,26-10-2025,30-10-2025,04-11-2025,07-11-2025,No,Not Cancelled,01-12-2025,4,5,3,4
L1911,Chennai MBC,Hot,08-10-2025,10-10-2025,14-10-2025,21-10-2025,No,Not Cancelled,09-11-2025,2,4,7,1
L1912,Mumbai MBC,Hot,19-10-2025,21-10-2025,26-10-2025,30-10-2025,No,Not Cancelled,17-11-2025,2,5,4,8
L1913,Delhi MBC,Warm,11-10-2025,16-10-2025,17-10-2025,22-10-2025,No,Not Cancelled,15-11-2025,5,1,5,9
L1914,Bangalore MBC,Hot,01-10-2025,04-10-2025,07-10-2025,12-10-2025,No,Not Cancelled,23-10-2025,3,3,5,4
L1915,Bangalore MBC,Hot,06-10-2025,07-10-2025,12-10-2025,18-10-2025,No,Not Cancelled,31-10-2025,1,5,6,1
L1916,Mumbai MBC,Hot,09-10-2025,10-10-2025,15-10-2025,20-10-2025,No,Not Cancelled,04-11-2025,1,5,5,6
L1917,Chennai MBC,Hot,02-10-2025,05-10-2025,06-10-2025,08-10-2025,No,Not Cancelled,19-10-2025,3,1,2,8
L1918,Mumbai MBC,Hot,05-10-2025,09-10-2025,10-10-2025,12-10-2025,No,Not Cancelled,31-10-2025,4,1,2,1
L1919,Chennai MBC,Warm,24-10-2025,29-10-2025,31-10-2025,04-11-2025,No,Not Cancelled,25-11-2025,5,2,4,6
L1920,Chennai MBC,Warm,14-10-2025,18-10-2025,21-10-2025,26-10-2025,No,Not Cancelled,15-11-2025,4,3,5,0
L1921,Bangalore MBC,Cold,17-10-2025,,,,Yes,Other,,,,,
L1922,Mumbai MBC,Warm,04-10-2025,07-10-2025,09-10-2025,12-10-2025,No,Not Cancelled,04-11-2025,3,2,3,6
L1923,Mumbai MBC,Warm,24-10-2025,29-10-2025,03-11-2025,08-11-2025,No,Not Cancelled,21-11-2025,5,5,5,6
L1924,Chennai MBC,Hot,03-10-2025,04-10-2025,05-10-2025,08-10-2025,No,Not Cancelled,21-10-2025,1,1,3,6
L1925,Mumbai MBC,Hot,16-10-2025,17-10-2025,22-10-2025,29-10-2025,No,Not Cancelled,09-11-2025,1,5,7,2
L1926,Delhi MBC,Warm,15-10-2025,19-10-2025,23-10-2025,29-10-2025,No,Not Cancelled,08-11-2025,4,4,6,7
L1927,Delhi MBC,Hot,25-10-2025,27-10-2025,30-10-2025,02-11-2025,Yes,Financing Issue,,2,3,3,
L1928,Mumbai MBC,Warm,12-10-2025,15-10-2025,19-10-2025,26-10-2025,No,Not Cancelled,09-11-2025,3,4,7,8
L1929,Mumbai MBC,Warm,17-10-2025,20-10-2025,21-10-2025,27-10-2025,No,Not Cancelled,26-11-2025,3,1,6,1
L1930,Chennai MBC,Warm,19-10-2025,23-10-2025,24-10-2025,26-10-2025,No,Not Cancelled,10-11-2025,4,1,2,7
L1931,Delhi MBC,Hot,04-10-2025,07-10-2025,08-10-2025,13-10-2025,No,Not Cancelled,02-11-2025,3,1,5,9
L1932,Delhi MBC,Warm,15-10-2025,16-10-2025,19-10-2025,26-10-2025,No,Not Cancelled,16-11-2025,1,3,7,2
L1933,Bangalore MBC,Warm,17-10-2025,21-10-2025,23-10-2025,27-10-2025,Yes,Changed Mind,,4,2,4,
L1934,Chennai MBC,Hot,08-10-2025,09-10-2025,14-10-2025,19-10-2025,No,Not Cancelled,12-11-2025,1,5,5,9
L1935,Bangalore MBC,Warm,31-10-2025,05-11-2025,10-11-2025,16-11-2025,No,Not Cancelled,15-12-2025,5,5,6,2
L1936,Delhi MBC,Warm,20-10-2025,25-10-2025,30-10-2025,04-11-2025,No,Not Cancelled,22-11-2025,5,5,5,4
L1937,Chennai MBC,Cold,02-10-2025,,,,Yes,Price,,,,,
L1938,Mumbai MBC,Hot,24-10-2025,26-10-2025,31-10-2025,04-11-2025,No,Not Cancelled,16-11-2025,2,5,4,7
L1939,Chennai MBC,Cold,26-10-2025,,,,Yes,Price,,,,,
L1940,Mumbai MBC,Warm,30-10-2025,02-11-2025,07-11-2025,13-11-2025,No,Not Cancelled,04-12-2025,3,5,6,8
L1941,Mumbai MBC,Warm,28-10-2025,02-11-2025,04-11-2025,10-11-2025,No,Not Cancelled,30-11-2025,5,2,6,5
L1942,Chennai MBC,Hot,22-10-2025,25-10-2025,29-10-2025,02-11-2025,No,Not Cancelled,17-11-2025,3,4,4,4
L1943,Mumbai MBC,Warm,17-10-2025,18-10-2025,21-10-2025,26-10-2025,No,Not Cancelled,08-11-2025,1,3,5,2
L1944,Bangalore MBC,Hot,10-10-2025,14-10-2025,18-10-2025,22-10-2025,No,Not Cancelled,13-11-2025,4,4,4,3
L1945,Delhi MBC,Warm,15-10-2025,20-10-2025,24-10-2025,27-10-2025,No,Not Cancelled,18-11-2025,5,4,3,6
L1946,Mumbai MBC,Hot,21-10-2025,25-10-2025,30-10-2025,01-11-2025,No,Not Cancelled,25-11-2025,4,5,2,6
L1947,Bangalore MBC,Cold,31-10-2025,,,,Yes,Other,,,,,
L1948,Mumbai MBC,Warm,01-10-2025,06-10-2025,11-10-2025,15-10-2025,No,Not Cancelled,02-11-2025,5,5,4,8
L1949,Delhi MBC,Warm,02-10-2025,05-10-2025,07-10-2025,13-10-2025,No,Not Cancelled,04-11-2025,3,2,6,2
L1950,Bangalore MBC,Hot,16-10-2025,21-10-2025,24-10-2025,27-10-2025,No,Not Cancelled,21-11-2025,5,3,3,3
L1951,Delhi MBC,Hot,28-10-2025,02-11-2025,03-11-2025,05-11-2025,No,Not Cancelled,28-11-2025,5,1,2,1
L1952,Delhi MBC,Warm,13-10-2025,14-10-2025,18-10-2025,22-10-2025,No,Not Cancelled,21-11-2025,1,4,4,1
L1953,Bangalore MBC,Warm,14-10-2025,16-10-2025,17-10-2025,19-10-2025,No,Not Cancelled,03-11-2025,2,1,2,6
L1954,Bangalore MBC,Hot,22-10-2025,23-10-2025,26-10-2025,31-10-2025,No,Not Cancelled,13-11-2025,1,3,5,1
L1955,Bangalore MBC,Warm,04-10-2025,08-10-2025,12-10-2025,18-10-2025,No,Not Cancelled,01-11-2025,4,4,6,2
L1956,Chennai MBC,Cold,16-10-2025,,,,Yes,Price,,,,,
L1957,Bangalore MBC,Warm,23-10-2025,26-10-2025,27-10-2025,31-10-2025,No,Not Cancelled,11-11-2025,3,1,4,10
L1958,Bangalore MBC,Warm,30-10-2025,02-11-2025,03-11-2025,09-11-2025,No,Not Cancelled,24-11-2025,3,1,6,1
L1959,Bangalore MBC,Cold,15-10-2025,,,,Yes,Changed Mind,,,,,
L1960,Bangalore MBC,Hot,03-10-2025,08-10-2025,10-10-2025,13-10-2025,No,Not Cancelled,26-10-2025,5,2,3,8
L1961,Mumbai MBC,Warm,29-10-2025,01-11-2025,04-11-2025,07-11-2025,No,Not Cancelled,30-11-2025,3,3,3,6
L1962,Chennai MBC,Cold,03-10-2025,,,,Yes,Other,,,,,
L1963,Delhi MBC,Hot,11-10-2025,13-10-2025,16-10-2025,18-10-2025,No,Not Cancelled,15-11-2025,2,3,2,3
L1964,Bangalore MBC,Warm,20-10-2025,22-10-2025,25-10-2025,28-10-2025,No,Not Cancelled,22-11-2025,2,3,3,9
L1965,Mumbai MBC,Warm,05-10-2025,10-10-2025,14-10-2025,21-10-2025,No,Not Cancelled,18-11-2025,5,4,7,7
L1966,Mumbai MBC,Warm,03-10-2025,08-10-2025,10-10-2025,13-10-2025,No,Not Cancelled,06-11-2025,5,2,3,4
L1967,Mumbai MBC,Warm,05-10-2025,09-10-2025,14-10-2025,18-10-2025,No,Not Cancelled,02-11-2025,4,5,4,7
L1968,Delhi MBC,Cold,09-10-2025,,,,Yes,Financing Issue,,,,,
L1969,Bangalore MBC,Warm,20-10-2025,25-10-2025,29-10-2025,04-11-2025,No,Not Cancelled,03-12-2025,5,4,6,6
L1970,Chennai MBC,Hot,21-10-2025,22-10-2025,25-10-2025,01-11-2025,No,Not Cancelled,23-11-2025,1,3,7,10
L1971,Chennai MBC,Cold,19-10-2025,,,,Yes,Price,,,,,
L1972,Mumbai MBC,Hot,18-10-2025,19-10-2025,23-10-2025,25-10-2025,No,Not Cancelled,15-11-2025,1,4,2,10
L1973,Delhi MBC,Warm,23-10-2025,24-10-2025,25-10-2025,28-10-2025,No,Not Cancelled,26-11-2025,1,1,3,9
L1974,Delhi MBC,Warm,11-10-2025,13-10-2025,17-10-2025,23-10-2025,No,Not Cancelled,02-11-2025,2,4,6,7
L1975,Delhi MBC,Warm,13-10-2025,16-10-2025,20-10-2025,25-10-2025,Yes,Model Unavailable,,3,4,5,
L1976,Chennai MBC,Warm,20-10-2025,24-10-2025,27-10-2025,31-10-2025,Yes,Price,,4,3,4,
L1977,Mumbai MBC,Cold,17-10-2025,,,,Yes,Financing Issue,,,,,
L1978,Bangalore MBC,Warm,10-10-2025,15-10-2025,16-10-2025,19-10-2025,No,Not Cancelled,02-11-2025,5,1,3,8
L1979,Chennai MBC,Warm,15-10-2025,19-10-2025,22-10-2025,25-10-2025,No,Not Cancelled,19-11-2025,4,3,3,5
L1980,Mumbai MBC,Hot,17-10-2025,19-10-2025,20-10-2025,23-10-2025,No,Not Cancelled,17-11-2025,2,1,3,0
L1981,Mumbai MBC,Cold,20-10-2025,,,,Yes,Other,,,,,
L1982,Bangalore MBC,Cold,14-10-2025,,,,Yes,Financing Issue,,,,,
L1983,Bangalore MBC,Warm,04-10-2025,09-10-2025,10-10-2025,16-10-2025,No,Not Cancelled,29-10-2025,5,1,6,2
L1984,Bangalore MBC,Hot,26-10-2025,31-10-2025,01-11-2025,05-11-2025,No,Not Cancelled,28-11-2025,5,1,4,2
L1985,Delhi MBC,Hot,23-10-2025,25-10-2025,28-10-2025,04-11-2025,No,Not Cancelled,28-11-2025,2,3,7,7
L1986,Bangalore MBC,Hot,04-10-2025,07-10-2025,08-10-2025,15-10-2025,No,Not Cancelled,26-10-2025,3,1,7,8
L1987,Mumbai MBC,Hot,28-10-2025,02-11-2025,04-11-2025,08-11-2025,No,Not Cancelled,20-11-2025,5,2,4,0
L1988,Bangalore MBC,Warm,21-10-2025,24-10-2025,26-10-2025,01-11-2025,No,Not Cancelled,19-11-2025,3,2,6,4
L1989,Mumbai MBC,Cold,21-10-2025,,,,Yes,Model Unavailable,,,,,
L1990,Chennai MBC,Warm,29-10-2025,31-10-2025,05-11-2025,07-11-2025,No,Not Cancelled,07-12-2025,2,5,2,6
L1991,Delhi MBC,Hot,25-10-2025,29-10-2025,31-10-2025,07-11-2025,No,Not Cancelled,27-11-2025,4,2,7,3
L1992,Chennai MBC,Hot,18-10-2025,23-10-2025,28-10-2025,04-11-2025,No,Not Cancelled,14-11-2025,5,5,7,5
L1993,Chennai MBC,Hot,24-10-2025,27-10-2025,29-10-2025,02-11-2025,No,Not Cancelled,28-11-2025,3,2,4,7
L1994,Mumbai MBC,Hot,28-10-2025,02-11-2025,05-11-2025,11-11-2025,No,Not Cancelled,09-12-2025,5,3,6,1
L1995,Chennai MBC,Hot,07-10-2025,10-10-2025,15-10-2025,21-10-2025,No,Not Cancelled,18-11-2025,3,5,6,5
L1996,Mumbai MBC,Hot,14-10-2025,19-10-2025,23-10-2025,26-10-2025,No,Not Cancelled,12-11-2025,5,4,3,7
L1997,Bangalore MBC,Warm,15-10-2025,20-10-2025,24-10-2025,30-10-2025,No,Not Cancelled,19-11-2025,5,4,6,3
L1998,Bangalore MBC,Cold,29-10-2025,,,,Yes,Changed Mind,,,,,
L1999,Mumbai MBC,Warm,08-10-2025,13-10-2025,15-10-2025,18-10-2025,No,Not Cancelled,13-11-2025,5,2,3,4
